Order #,Order Date,Item Id,Item,Category,Quantity,Item Price,Item End Time,Payment Date,Payment Amount,Tracking #,Tax,Additional Fee,Shipping Price,Handling Price,Donation,Shipped Date,Seller
60081146,1/23/2026,253231503,"Bose Wave Music System III - Powers On, Untested",Computers & Electronics > Home Electronics > CD Players,1,$99.76,1/23/2026,1/23/2026,$126.55,"398248386619	",$7.89,$0.00,$16.90,$2.00,$0.00,1/29/2026,Goodwill Industries of Upstate/Midlands South Carolina - GREENVILLE
60090151,1/24/2026,253352586,Pair of Bose Gemstone Speakers-Untested,Computers & Electronics,1,$9.99,1/23/2026,1/24/2026,$25.28,"398090617935	",$1.00,$0.00,$11.29,$3.00,$0.00,1/25/2026,Evergreen Goodwill
60090184,1/24/2026,253291735,Bose Wave Music System IV CD Player / AM/FM Radio (Tested & Working),Computers & Electronics > Home Electronics > Home Audio/Theater,1,$300.00,1/23/2026,1/30/2026,$343.17,"398596171194	",$23.33,$0.00,$18.84,$1.00,$0.00,2/10/2026,Goodwill Industries of Greater New York and Northern New Jersey
60090209,1/24/2026,253294415,bOSE TV SPEAKER-UNTESTED,Computers & Electronics > Home Electronics > Speakers,1,$33.00,1/23/2026,1/25/2026,$58.88,"398273353055	",$2.79,$0.00,$20.09,$3.00,$0.00,1/30/2026,Goodwill Industries of Southwestern Michigan
60090216,1/24/2026,253732057,Bose Black Acoustimass Module CineMate Series II Digital Home Theater Speaker,Computers & Electronics > Home Electronics > Speakers,1,$9.99,1/23/2026,1/25/2026,$40.77,"398413101394	",$0.85,$0.00,$28.93,$1.00,$0.00,2/4/2026,Goodwill Industries of the Southern Piedmont
60090224,1/24/2026,253278170,Bose VCS-10 Center Channel Speaker,Computers & Electronics > Home Electronics > Speakers,1,$9.99,1/23/2026,1/24/2026,$25.98,"398227492230	",$0.77,$0.00,$15.22,$0.00,$0.00,1/29/2026,"Goodwill Industries of West Michigan, Inc."
60090266,1/24/2026,253583043,Bose Sound Bar 500 Model 424096,Computers & Electronics > Home Electronics > Speakers,1,$86.00,1/23/2026,1/25/2026,$138.49,"398293271546	",$7.06,$0.00,$40.43,$5.00,$0.00,1/31/2026,Goodwill of Greater Washington D.C. -VA
60103461,1/24/2026,253742014,Bose Acoustimass 10 IV Black Home Speaker System Subwoofer Not Tested,Computers & Electronics > Home Electronics > Speakers,1,$5.99,1/24/2026,1/24/2026,$77.65,"398143299335	",$0.85,$0.00,$65.81,$5.00,$0.00,1/27/2026,Goodwill Industries of South Florida
60109176,1/25/2026,253462583,Bose Wave CD Player & Accessories Item powers on - no further testing,Computers & Electronics > Home Electronics > CD Players,1,$172.00,1/24/2026,1/25/2026,$211.27,"398108198297	",$13.56,$0.00,$22.72,$2.99,$0.00,1/26/2026,"Goodwill Industries - Big Bend, Inc."
60109328,1/25/2026,253645174,Bose Gray SoundDock Series II Digital Music System Speaker Not Tested,Computers & Electronics > Personal Electronics,1,$14.99,1/24/2026,1/29/2026,$38.66,"398263590190	",$1.55,$0.00,$17.12,$5.00,$0.00,1/30/2026,Goodwill Industries of South Florida
60109383,1/25/2026,253609438,Set of 2 Bose 201 Series IV Speakers (Untested),Computers & Electronics > Home Electronics > Speakers,1,$37.99,1/24/2026,1/30/2026,$73.87,"398502168600	",$3.10,$0.00,$30.78,$2.00,$0.00,2/6/2026,Goodwill Industries of the Southern Piedmont
60115030,1/25/2026,253463777,Bose Wave Music System AWRCC2 | Power Tested,Computers & Electronics > Home Electronics > Speakers,1,$124.00,1/24/2026,1/25/2026,$150.62,"398270714943	",$9.84,$0.00,$13.78,$3.00,$0.00,1/30/2026,"Goodwill Industries of Middle Tennessee, Inc."
60122194,1/25/2026,253413478,Pair of Bose Mountable Wall Speakers Untested,Computers & Electronics > Home Electronics > Speakers,1,$56.00,1/25/2026,1/26/2026,$74.86,"398160806896	",$4.57,$0.00,$11.29,$3.00,$0.00,1/27/2026,Evergreen Goodwill
60122458,1/25/2026,253401712,Bose 201 Series V Left Right Direct Reflecting Black Bookshelf Speakers untested,Computers & Electronics > Home Electronics > Speakers,1,$47.00,1/25/2026,1/26/2026,$68.80,"398171197395	",$3.87,$0.00,$14.93,$3.00,$0.00,1/27/2026,Evergreen Goodwill
60122583,1/25/2026,253407849,Bose #151 Environmental White Speakers (Untested),Computers & Electronics > Home Electronics > Speakers,1,$49.99,1/25/2026,1/26/2026,$69.14,"398242146541	",$4.10,$0.00,$12.06,$2.99,$0.00,1/29/2026,Goodwill Industries of NE Texas
60122659,1/25/2026,253601129,BOSE SoundDock Portable Speaker,Computers & Electronics > Home Electronics > Speakers,1,$17.55,1/25/2026,1/26/2026,$30.78,"458788252463	",$1.52,$0.00,$9.71,$2.00,$0.00,2/2/2026,"Goodwill Industries of San Joaquin Valley, Inc."
60122715,1/25/2026,253567449,"Set Of 3 Bose Home Theater Speakers- 151 x2, VS100 Video Speaker W/ Mounting",Computers & Electronics > Home Electronics > Speakers,1,$27.00,1/25/2026,1/26/2026,$52.43,"398228109576	",$2.48,$0.00,$17.95,$5.00,$0.00,1/29/2026,Goodwill of Western Missouri & Eastern Kansas
60123060,1/25/2026,253171795,Bose Wave Music System Model No. AWRCC2 + Wave Music System Accessory,Computers & Electronics > Home Electronics,1,$140.00,1/25/2026,1/30/2026,$174.23,"398415685338	",$11.02,$0.00,$20.96,$2.25,$0.00,2/4/2026,Hampton ñ Goodwill of Central & Coastal Virginia
60123151,1/25/2026,253055184,Bose SoundDock Series III Digital Music System Speaker,Computers & Electronics > Home Electronics > Speakers,1,$32.00,1/25/2026,1/30/2026,$52.96,"398329909349	",$2.65,$0.00,$16.06,$2.25,$0.00,2/2/2026,Hampton ñ Goodwill of Central & Coastal Virginia
60123312,1/25/2026,253557222,Bose AV35 Control Console WITHOUT Cables - Functionality Not Tested,Computers & Electronics > Home Electronics,1,$51.00,1/25/2026,1/26/2026,$71.30,"398160423166	",$4.18,$0.00,$13.13,$2.99,$0.00,1/27/2026,"Goodwill Industries - Big Bend, Inc."
60123530,1/25/2026,253626127,Bose Solo TV Sound System | Power Tested,Computers & Electronics > Home Electronics > Speakers,1,$14.99,1/25/2026,1/28/2026,$34.64,"398331401344	",$1.39,$0.00,$15.26,$3.00,$0.00,2/2/2026,"Goodwill Industries of Middle Tennessee, Inc."
60123557,1/25/2026,253524303,Bose Companion 2 Computer Speakers | Tested,Computers & Electronics > Home Electronics > Speakers,1,$18.00,1/24/2026,1/29/2026,$35.16,"398321061657	",$1.63,$0.00,$12.53,$3.00,$0.00,2/2/2026,"Goodwill Industries of Middle Tennessee, Inc."
60123598,1/25/2026,253835910,Pair Of Bose 201 Speakers,Computers & Electronics > Home Electronics > Speakers,1,$31.00,1/25/2026,1/26/2026,$69.16,"398326304282	",$2.79,$0.00,$30.37,$5.00,$0.00,2/2/2026,Goodwill of Greater Washington D.C. -VA
60147185,1/27/2026,253501355,Bose Solo Soundbar II,Computers & Electronics > Home Electronics,1,$25.99,1/26/2026,1/28/2026,$40.56,"398303029585	",$2.28,$0.00,$8.80,$3.49,$0.00,2/1/2026,Goodwill Industries of Ventura and Santa Barbara Counties
60147198,1/27/2026,253663081,Bose Av35 Control Console (Model 402455) W/accessories,Computers & Electronics > Personal Electronics,1,$111.00,1/26/2026,1/27/2026,$138.94,"398342959811	",$8.60,$0.00,$19.34,$0.00,$0.00,2/2/2026,Goodwill of Greater Washington D.C. -VA
60157713,1/27/2026,253604986,Bose CineMate Series II Digital Home Theater System,Computers & Electronics > Home Electronics > Speakers,1,$34.00,1/27/2026,1/27/2026,$39.00,"PU 2/6	",$0.00,$0.00,$0.00,$5.00,$0.00,2/6/2026,Goodwill of Orange County
60162249,1/27/2026,253754941,Bose SoundDock 10 Bluetooth Digital Music System Powers On Preowned,Computers & Electronics > Personal Electronics > iPod/MP3/CD Players & Accessories,1,$107.99,1/27/2026,1/28/2026,$155.90,"490020398616	",$8.72,$0.00,$34.69,$4.50,$0.00,1/29/2026,"Goodwill Industries of SW Florida, Inc."
60162486,1/27/2026,253565656,Bose SoundDock iPod Dock Speaker w/ Power Supply - Powers On,Computers & Electronics > Home Electronics > Speakers,1,$19.99,1/27/2026,1/29/2026,$35.78,"441475654051	",$1.71,$0.00,$12.08,$2.00,$0.00,1/31/2026,Goodwill Industries of the Columbia Willamette
60169772,1/27/2026,253592929,Bose 161 Bookshelf Speakers Pair -Tested,Computers & Electronics > Home Electronics > Speakers,1,$17.00,1/27/2026,1/28/2026,$36.48,"398388692722	",$1.55,$0.00,$14.94,$2.99,$0.00,2/3/2026,Goodwill-Easter Seals MN
60171221,1/27/2026,253556466,Pair Of Bose Gemstone CineMate Speakers + Interface Cable,Computers & Electronics > Home Electronics > Speakers,1,$8.99,1/27/2026,1/30/2026,$33.07,"398394277131	",$0.87,$0.00,$20.96,$2.25,$0.00,2/3/2026,Hampton ñ Goodwill of Central & Coastal Virginia
60171292,1/27/2026,253623130,Bose Solo TV Black Sound System Wireless Compact Design Good Condition,Computers & Electronics > Home Electronics > Home Audio/Theater,1,$24.99,1/27/2026,1/30/2026,$40.80,"398519729019	",$1.94,$0.00,$13.87,$0.00,$0.00,2/7/2026,MERS/Missouri Goodwill Industries
60196969,1/28/2026,253868256,Pair of BOSE 161 Bookshelf Speakers,Computers & Electronics > Home Electronics > Speakers,1,$19.99,1/28/2026,1/29/2026,$38.97,"398266547340	",$1.86,$0.00,$13.13,$3.99,$0.00,1/30/2026,"Goodwill Industries of Central North Carolina, Inc."
60196982,1/28/2026,253470289,Bose 15 Solo 2 Tv Sound System (no Power Cord),Computers & Electronics > Home Electronics > Receivers & Radios,1,$24.95,1/28/2026,1/30/2026,$37.32,"398304017007	",$1.93,$0.00,$10.44,$0.00,$0.00,2/1/2026,Goodwill San Diego and Imperial Counties
60212640,1/29/2026,253428774,Bose 161 Black Bookshelf Speaker | Tested,Computers & Electronics > Home Electronics > Speakers,1,$14.99,1/23/2026,1/29/2026,$31.59,"398368126976	",$1.39,$0.00,$12.21,$3.00,$0.00,2/3/2026,"Goodwill Industries of Middle Tennessee, Inc."
60221946,1/29/2026,253806232,Bose Wave Music Player System IV w Remote Control - Powers On,Computers & Electronics > Home Electronics,1,$257.00,1/29/2026,1/30/2026,$295.11,"398284839935	",$20.08,$0.00,$16.03,$2.00,$0.00,1/30/2026,"Goodwill Industries of the Columbia, Inc. Pasco, WA"
60250339,1/31/2026,254342673,"Bose Sound Dock Series II- Pre-Owned, Powers On",Computers & Electronics > Home Electronics > Speakers,1,$19.95,1/30/2026,1/31/2026,$50.03,"490020400881	",$1.90,$0.00,$23.68,$4.50,$0.00,2/2/2026,"Goodwill Industries of SW Florida, Inc."
60250370,1/31/2026,253665690,Psyclone Essentials Ps3 Black Axe Guitar & Rockband Guitar Controllers,Gaming Systems & Games,1,$12.95,1/30/2026,1/31/2026,$24.86,"398307554059	",$1.00,$0.00,$10.91,$0.00,$0.00,2/1/2026,Goodwill San Diego and Imperial Counties
60250577,1/31/2026,254229973,Bose Solo TV Speaker 418775 Bar Only,Computers & Electronics > Home Electronics > Speakers,1,$26.00,1/30/2026,2/2/2026,$40.86,"398389134148	",$2.23,$0.00,$9.88,$2.75,$0.00,2/3/2026,Goodwill South Central California
60250641,1/31/2026,253885427,Bose SoundDock Series III Digital Music System - No Remote - Powers On,Computers & Electronics > Home Electronics > Speakers,1,$22.01,1/30/2026,2/2/2026,$40.97,"888555376437	",$1.87,$0.00,$15.09,$2.00,$0.00,2/6/2026,Goodwill-Suncoast
60254610,1/31/2026,253703358,Bose Companion 2 Multimedia Speaker System with Power Adapter,Computers & Electronics > Home Electronics > Speakers,1,$13.25,1/31/2026,1/31/2026,$15.75,"PU 2/6	",$0.00,$0.00,$0.00,$2.50,$0.00,2/6/2026,Goodwill of Orange County
60263789,2/1/2026,254182514,Bose Companion 2 Series II Multimedia Speaker System for PC Computer Audio,Computers & Electronics > Home Electronics > Speakers,1,$12.12,1/31/2026,2/2/2026,$28.96,"398456009189	",$1.21,$0.00,$12.13,$3.50,$0.00,2/5/2026,Goodwill Columbus
60263797,2/1/2026,254083675,Bose Sound Dock 30 Pin Connector Speaker Powers On Pre-Owned,Computers & Electronics > Personal Electronics > iPod/MP3/CD Players & Accessories,1,$19.99,1/31/2026,2/5/2026,$50.07,"512273376240	",$1.90,$0.00,$23.68,$4.50,$0.00,2/6/2026,"Goodwill Industries of SW Florida, Inc."
60263802,2/1/2026,254083947,Bose AV3-2-1GS Media Center Console Not Tested Pre-Owned,Computers & Electronics > Home Electronics > CD Players,1,$19.99,1/31/2026,2/5/2026,$50.07,"512273376230	",$1.90,$0.00,$23.68,$4.50,$0.00,2/6/2026,"Goodwill Industries of SW Florida, Inc."
60263807,2/1/2026,253904685,Bose SoundDock Portable Digital Music System with Power Adapter - Powers On,Computers & Electronics > Home Electronics > Speakers,1,$19.99,1/31/2026,2/5/2026,$35.78,"441475670470	",$1.71,$0.00,$12.08,$2.00,$0.00,2/24/2026,Goodwill Industries of the Columbia Willamette
60263814,2/1/2026,253986526,"Bose Bos Music System IV, SoundTouch Pedestal and Speaker",Computers & Electronics > Home Electronics > Speakers,1,$335.00,1/31/2026,2/5/2026,$360.97,"398494215938	",$25.96,$0.00,$0.01,$0.00,$0.00,2/6/2026,Goodwill Keystone Area - Reading
60263897,2/1/2026,253962462,Bose SoundDock Portable Digital Music System For Older iPods(Powers On Untested),Computers & Electronics > Home Electronics > Speakers,1,$31.00,1/31/2026,2/5/2026,$47.69,"398565305936	",$2.56,$0.00,$12.13,$2.00,$0.00,2/9/2026,Goodwill of Southwestern Pennsylvania
60263903,2/1/2026,253896773,Bose TV Speaker Model 431974 with Remote and Power Cord,Computers & Electronics > Home Electronics > Speakers,1,$77.99,1/31/2026,2/2/2026,$84.04,"511818539605	",$6.04,$0.00,$0.01,$0.00,$0.00,2/5/2026,Goodwill of the Olympics and Rainier Region
60280601,2/2/2026,254146536,Bose/Pioneer/Altec Lansing Home Speakers (Lot of 4),Computers & Electronics > Home Electronics > Speakers,1,$23.22,2/1/2026,2/2/2026,$39.37,"398503274497	",$1.96,$0.00,$12.19,$2.00,$0.00,2/6/2026,Easterseals-Goodwill Northern Rocky Mountain -SLC
60280632,2/2/2026,253785528,Bose Speakers with Control Interface and Cables,Computers & Electronics > Home Electronics > Speakers,1,$22.00,2/1/2026,2/3/2026,$93.00,"PU 2/6	",$0.00,$0.00,$0.00,$5.00,$0.00,2/6/2026,Goodwill of Orange County
60280632,2/2/2026,253871134,Bose TV Speaker - Model 431974,Computers & Electronics > Home Electronics > Speakers,1,$66.00,1/31/2026,2/3/2026,$93.00,"PU 2/6	",$0.00,$0.00,$0.00,$5.00,$0.00,2/6/2026,Goodwill of Orange County
60280679,2/2/2026,253555605,2 Untested PS3 Fender Stratocaster Rockband Harmonix Guitar Controllers NoDongle,Gaming Systems & Games > Sony Playstation 3,1,$9.99,2/1/2026,2/4/2026,$37.61,"398678447022	",$0.94,$0.00,$24.43,$2.25,$0.00,2/12/2026,Richmond - Goodwill of Central & Coastal Virginia
60280696,2/2/2026,253555408,2 Untested PS3 Fender Stratocaster Rockband Harmonix Guitar Controllers NoDongle,Gaming Systems & Games > Sony Playstation 3,1,$9.99,2/1/2026,2/3/2026,$37.61,"398685940700	",$0.94,$0.00,$24.43,$2.25,$0.00,2/12/2026,Richmond - Goodwill of Central & Coastal Virginia
60290793,2/2/2026,253871380,BOSE Solo TV Sound System,Computers & Electronics > Home Electronics > TVs,1,$9.99,1/30/2026,2/2/2026,$28.40,"398687431554	",$0.94,$0.00,$15.22,$2.25,$0.00,2/12/2026,Richmond - Goodwill of Central & Coastal Virginia
60293255,2/2/2026,254082038,Bose 151 Environmental Speakers,Computers & Electronics > Home Electronics > Speakers,1,$101.00,2/2/2026,2/3/2026,$124.02,"398431117495	",$8.04,$0.00,$12.23,$2.75,$0.00,2/4/2026,Goodwill South Central California
60293377,2/2/2026,254003473,"Bose Speaker System Bundle - 191, Solo Soundbar II, Companion 2 Series III",Computers & Electronics > Home Electronics > Speakers,1,$90.00,2/2/2026,2/3/2026,$119.80,"441366723724	",$7.21,$0.00,$19.59,$3.00,$0.00,2/7/2026,Goodwill Industries of the Inland Northwest
60293855,2/2/2026,254001509,Lot of 3 Bose Audio Systems for Parts/Repair,Computers & Electronics > Home Electronics > Receivers & Radios,1,$130.00,2/2/2026,2/5/2026,$160.68,"464258982876	",$10.31,$0.00,$17.37,$3.00,$0.00,2/9/2026,Goodwill Industries of the Inland Northwest
60293991,2/2/2026,254270664,Lot Of Bose Speaker System Assorted Home Audio With Remote And Cables Untested,Computers & Electronics > Home Electronics > Speakers,1,$157.00,2/2/2026,2/3/2026,$226.11,"513430756087	",$12.64,$0.00,$50.47,$6.00,$0.00,2/12/2026,Goodwill Industries of San Antonio
60295685,2/2/2026,254270661,7pc Assorted Bose speaker lot,Computers & Electronics > Home Electronics > Speakers,1,$137.00,2/2/2026,2/3/2026,$184.90,"513430755150	",$11.09,$0.00,$30.81,$6.00,$0.00,2/12/2026,Goodwill Industries of San Antonio
60301035,2/3/2026,254083922,BOSE AV20 Control Console,Computers & Electronics > Home Electronics > Home Audio/Theater,1,$36.00,2/2/2026,2/5/2026,$56.85,"888660975976	",$3.04,$0.00,$14.56,$3.25,$0.00,2/10/2026,Goodwill Gulf Coast
60316610,2/3/2026,254139813,Bose SoundTouch SA-4 Amplifier,Computers & Electronics > Home Electronics,1,$182.53,2/3/2026,2/5/2026,$221.25,"398641550550	",$14.38,$0.00,$21.35,$2.99,$0.00,2/11/2026,Goodwill-Easter Seals MN
60322735,2/3/2026,254399371,Bose Home Theater Soundbar 700 Bass Module 700 Wireless Subwoofer Tested Working,Computers & Electronics > Home Electronics > Home Audio/Theater,1,$667.00,2/3/2026,2/5/2026,$762.08,"513430757750	",$52.16,$0.00,$36.92,$6.00,$0.00,2/14/2026,Goodwill Industries of San Antonio
60346647,2/4/2026,254281449,Bose Acoustimass Bass,Computers & Electronics > Home Electronics > Speakers,1,$281.00,2/4/2026,2/5/2026,$331.35,"398826167870	",$21.94,$0.00,$26.41,$2.00,$0.00,2/17/2026,Goodwill Industries of South Texas
60346668,2/4/2026,254315014,Bose Black Multimedia Speaker Pair,Computers & Electronics > Home Electronics > Speakers,1,$9.99,2/4/2026,2/5/2026,$28.40,"398552496429	",$1.04,$0.00,$13.87,$3.50,$0.00,2/9/2026,Goodwill Northern Michigan
60346729,2/4/2026,254261132,Bose Sounddock Series Ii Digital Music System,Computers & Electronics > Home Electronics,1,$19.66,2/4/2026,2/5/2026,$58.71,"398532422425	",$3.45,$0.00,$10.65,$0.00,$0.00,2/8/2026,Goodwill San Diego and Imperial Counties
60346729,2/4/2026,254265538,Bose Solo Tv Sound System,Computers & Electronics > Home Electronics,1,$24.95,2/4/2026,2/5/2026,$58.71,"398532422425	",$3.45,$0.00,$10.65,$0.00,$0.00,2/8/2026,Goodwill San Diego and Imperial Counties
60365128,2/5/2026,254378588,Pair of Bose 251 Environmental Speakers with Hanging Brackets - Power On,Computers & Electronics > Home Electronics > Speakers,1,$158.00,2/5/2026,2/6/2026,$213.48,"888608474662	",$12.48,$0.00,$40.00,$3.00,$0.00,2/9/2026,"Goodwill Industries of the Chesapeake, Inc."
60365215,2/5/2026,254365062,Bose Wave Music System IV With SoundTouch Pedestal Base - Tested/No Power Cord,Computers & Electronics > Home Electronics > Home Audio/Theater,1,$346.00,2/5/2026,2/10/2026,$387.24,"888695802880	",$26.82,$0.00,$14.42,$0.00,$0.00,2/11/2026,Goodwill Industries of the Southern Rivers
60370010,2/5/2026,254675242,Bose Speaker System,Computers & Electronics > Home Electronics > Speakers,1,$14.99,2/5/2026,2/6/2026,$32.42,"398642384413	",$1.55,$0.00,$10.88,$5.00,$0.00,2/11/2026,Goodwill of Greater Washington D.C. -VA
60370022,2/5/2026,254673900,Lot Of 4 Bose Acoustimass Redline Double Cube Speakers,Computers & Electronics > Home Electronics > Speakers,1,$34.55,2/5/2026,2/6/2026,$72.99,"398650101203	",$3.07,$0.00,$30.37,$5.00,$0.00,2/11/2026,Goodwill of Greater Washington D.C. -VA
60370082,2/5/2026,254380497,Bose Vcs-10 Center Channel Speaker for Surround Sound Home Theatre System,Computers & Electronics > Home Electronics,1,$15.00,2/5/2026,2/9/2026,$25.32,"398646026613	",$1.16,$0.00,$9.16,$0.00,$0.00,2/11/2026,Goodwill San Diego and Imperial Counties
60370093,2/5/2026,254350355,Bose VCS 10 Center Channel Speaker And Cube Speakers,Computers & Electronics > Home Electronics > Speakers,1,$34.00,2/5/2026,2/6/2026,$79.13,"398672173056	",$2.64,$0.00,$42.49,$0.00,$0.00,2/12/2026,MERS/Missouri Goodwill Industries
60410699,2/8/2026,254559530,Bose Acoustimass Cube Speaker Home Theater,Computers & Electronics > Home Electronics > Speakers,1,$55.00,2/7/2026,2/9/2026,$87.48,"398667068342	",$4.41,$0.00,$26.08,$1.99,$0.00,2/12/2026,Goodwill Industries of Mid Michigan
60410846,2/8/2026,254484443,Bose Acoustimass 6 III Home Theater Speakers,Computers & Electronics > Home Electronics > Speakers,1,$61.00,2/6/2026,2/10/2026,$85.55,"398653320008	",$4.94,$0.00,$16.86,$2.75,$0.00,2/11/2026,Goodwill South Central California
60410997,2/8/2026,254466904,Bose Solo TV Speaker 418775,Computers & Electronics > Home Electronics > Speakers,1,$29.99,2/6/2026,2/10/2026,$43.05,"398778177821	",$2.32,$0.00,$10.74,$0.00,$0.00,2/16/2026,MERS/Missouri Goodwill Industries
60417096,2/8/2026,254546798,Bose Cube Speaker Set with Cables - Not Tested,Computers & Electronics > Home Electronics > Speakers,1,$19.99,2/8/2026,2/8/2026,$36.04,"441475679651	",$1.71,$0.00,$12.34,$2.00,$0.00,2/10/2026,Goodwill Industries of the Columbia Willamette
60419217,2/8/2026,254594136,Bose LifeStyle AV18 Media Center w/ LSPS Speaker System Subwoofer & Speakers,Computers & Electronics > Home Electronics,1,$102.88,2/8/2026,2/9/2026,$132.60,"888729487880	",$8.24,$0.00,$17.99,$3.49,$0.00,2/12/2026,Goodwill Industries of Ventura and Santa Barbara Counties
60419678,2/8/2026,254741344,Bose SoundDock Series II Digital Music System with Power Adapter,Computers & Electronics > Home Electronics > Speakers,1,$9.97,2/8/2026,2/10/2026,$27.53,"398650113012	",$1.00,$0.00,$13.57,$2.99,$0.00,2/11/2026,Goodwill of Central & Southern Indiana
60420003,2/8/2026,254888989,3 Bose Speakers,Computers & Electronics > Home Electronics > Speakers,1,$43.00,2/8/2026,2/10/2026,$68.64,"888906004178	",$3.49,$0.00,$20.15,$2.00,$0.00,2/19/2026,Goodwill Industries of the Southern Piedmont
60438597,2/9/2026,254893823,Bose Center Channel Speaker Vcs-10 Black 6 Ohm 50w Home Theater Untested,Computers & Electronics > Home Electronics > Speakers,1,$16.41,2/9/2026,2/10/2026,$32.72,"398782468622	",$1.58,$0.00,$10.74,$3.99,$0.00,2/16/2026,Goodwill of Colorado
60438723,2/9/2026,254795771,"Bose Companion Control Pod,",Computers & Electronics > Personal Electronics,1,$16.99,2/8/2026,2/11/2026,$116.82,"398786677570	",$6.89,$0.00,$20.96,$15.00,$0.00,2/16/2026,Goodwill of Greater Washington D.C. -VA
60438723,2/9/2026,254964294,Bose Companion 2 Series Iii Set,Computers & Electronics > Home Electronics > Speakers,1,$28.00,2/8/2026,2/11/2026,$116.82,"398786677570	",$6.89,$0.00,$20.96,$15.00,$0.00,2/16/2026,Goodwill of Greater Washington D.C. -VA
60438723,2/9/2026,255048799,Pair Of Bose Av3 2 1ii Speakers,Computers & Electronics > Home Electronics > Speakers,1,$14.99,2/8/2026,2/11/2026,$116.82,"398786677570	",$6.89,$0.00,$20.96,$15.00,$0.00,2/16/2026,Goodwill of Greater Washington D.C. -VA
60438723,2/9/2026,255200988,Pair Of Bose Speakers,Computers & Electronics > Home Electronics > Speakers,1,$13.99,2/9/2026,2/11/2026,$116.82,"398786677570	",$6.89,$0.00,$20.96,$15.00,$0.00,2/16/2026,Goodwill of Greater Washington D.C. -VA
60440182,2/9/2026,254924615,Bose Acoustimass Surround Wired Speaker System | Tested,Computers & Electronics > Home Electronics > Speakers,1,$29.99,2/9/2026,2/10/2026,$53.85,"398644808999	",$2.55,$0.00,$18.31,$3.00,$0.00,2/11/2026,"Goodwill Industries of Middle Tennessee, Inc."
60440310,2/9/2026,255116273,Bose Wave Music System III Silver CD Player/Radio,Computers & Electronics > Home Electronics > CD Players,1,$169.00,2/9/2026,2/10/2026,$185.34,"398809675229	",$13.33,$0.00,$0.01,$3.00,$0.00,2/17/2026,Marion Goodwill Industries
60442895,2/9/2026,254901950,Bose Wave Music System Model Awrcc2 W/ Remote,Computers & Electronics > Home Electronics > CD Players,1,$178.60,2/9/2026,2/10/2026,$209.10,"398783352671	",$14.15,$0.00,$12.36,$3.99,$0.00,2/16/2026,Goodwill of Colorado
60449316,2/10/2026,254679015,BOSE Wave Music System,Computers & Electronics > Home Electronics > Home Audio/Theater,1,$142.00,2/9/2026,2/10/2026,$173.15,"888806109401	",$11.26,$0.00,$16.64,$3.25,$0.00,2/16/2026,Goodwill Gulf Coast
60449631,2/10/2026,255055729,Bose Wave Music System Black Audio Player Expansion Multi CD Changer Not Tested,Computers & Electronics > Personal Electronics,1,$29.22,2/9/2026,2/10/2026,$65.31,"398709800510	",$2.65,$0.00,$28.44,$5.00,$0.00,2/13/2026,Goodwill Industries of South Florida
60460793,2/10/2026,254798428,"Pair of Bose 151 Environmental Speakers, White 9x6, 40W IEC 4",Computers & Electronics > Home Electronics > Speakers,1,$29.11,2/10/2026,2/11/2026,$51.50,"398828334053	",$2.49,$0.00,$16.90,$3.00,$0.00,2/17/2026,Goodwill Industries of Middle Georgia
60469756,2/10/2026,254795429,Vintage Bose 3-2-1 2.1 Channel DVD Home Entertainment System DTS Surround,Computers & Electronics > Home Electronics > Home Audio/Theater,1,$76.00,2/10/2026,2/13/2026,$116.10,"398854465155	",$6.05,$0.00,$32.05,$2.00,$0.00,2/18/2026,Goodwill Houston
60469860,2/10/2026,254768613,"BOSE VCS-10 Center Channel Speaker, Not Tested",Computers & Electronics > Home Electronics > Speakers,1,$29.00,2/10/2026,2/11/2026,$45.92,"398728496224	",$2.25,$0.00,$14.67,$0.00,$0.00,2/13/2026,Goodwill Industries of Kansas INC.
60469878,2/10/2026,254989508,Bose Acoustimass 10 Large Speaker,Computers & Electronics > Home Electronics > Speakers,1,$8.99,2/10/2026,2/12/2026,$62.51,"398831312489	",$0.93,$0.00,$49.60,$2.99,$0.00,2/17/2026,Goodwill Industries of North Florida
60469894,2/10/2026,254982404,10pc Assorted Bose Speaker Lot,Computers & Electronics > Home Electronics > Speakers,1,$50.00,2/10/2026,2/11/2026,$96.15,"513430765221	",$4.35,$0.00,$35.80,$6.00,$0.00,2/20/2026,Goodwill Industries of San Antonio
60469922,2/10/2026,254963969,Bose Acoustimass 16 Home Entertainment Speaker System,Computers & Electronics > Home Electronics > Speakers,1,$301.00,2/10/2026,2/13/2026,$395.00,"513430767268	",$23.95,$0.00,$62.05,$8.00,$0.00,2/24/2026,Goodwill Industries of San Antonio
60469945,2/11/2026,254374121,Set of 4 Bose Redline Double Cube Speakers,Computers & Electronics > Home Electronics > Speakers,1,$43.55,2/10/2026,2/11/2026,$56.81,"888744024164	",$3.38,$0.00,$9.88,$0.00,$0.00,2/12/2026,Goodwill San Diego and Imperial Counties
60469960,2/11/2026,254771179,Pick Up Only Bose Model PS28 lll Powered Speaker System,Computers & Electronics > Home Electronics > Home Audio/Theater,1,$9.99,2/10/2026,2/13/2026,$34.77,"398783124529	",$0.85,$0.00,$22.94,$0.99,$0.00,2/16/2026,Heart of Texas Goodwill
60491297,2/11/2026,254855632,BOSE SOUNDTOUCH 10 WIRELESS MUSIC SYSTEM MODEL 416776,Computers & Electronics > Personal Electronics,1,$36.00,2/11/2026,2/12/2026,$53.29,"398719284746	",$2.98,$0.00,$11.81,$2.50,$0.00,2/13/2026,Chattanooga Goodwill Industries Inc.
60491503,2/11/2026,255074929,Untested Bose CineMate 15 Home Theater Sound Bar w/ Remote Control NO SUBWOOFER,Computers & Electronics > Home Electronics > Speakers,1,$24.00,2/11/2026,2/16/2026,$41.93,"398897390259	",$2.09,$0.00,$12.85,$2.99,$0.00,2/19/2026,Goodwill of Western Missouri & Eastern Kansas
60491908,2/11/2026,254903461,Bose Lifestyle Control Console Model 420128,Computers & Electronics,1,$201.00,2/11/2026,2/12/2026,$226.00,"888782764926	",$15.58,$0.00,$9.40,$0.00,$0.02,2/14/2026,Goodwill San Diego and Imperial Counties
60492000,2/11/2026,254874515,Bose SoundDock Portable Digital Music System Lot of 3 -Untested,Computers & Electronics > Home Electronics > Speakers,1,$47.26,2/11/2026,2/19/2026,$76.37,"399068198458	",$3.89,$0.00,$22.23,$2.99,$0.00,2/25/2026,Goodwill-Easter Seals MN
60492218,2/11/2026,254897006,Bose CineMate Series Gemstones Speakers,Computers & Electronics > Home Electronics > Speakers,1,$37.99,2/11/2026,2/18/2026,$60.00,"398938326563	",$3.11,$0.00,$16.06,$2.25,$0.59,2/20/2026,Hampton ñ Goodwill of Central & Coastal Virginia
60512740,2/12/2026,255172666,Bose 417788 Wave Music System Powers On,Computers & Electronics,1,$303.00,2/12/2026,2/18/2026,$348.93,"398897297813	",$23.71,$0.00,$19.23,$2.99,$0.00,2/19/2026,Goodwill Industries of North Florida
60513970,2/12/2026,255176604,Bose 251 Environmental Outdoor Speakers White w/ Wall Brackets,Computers & Electronics > Home Electronics > Speakers,1,$228.00,2/12/2026,2/16/2026,$259.05,"458788254731	",$17.83,$0.00,$11.22,$2.00,$0.00,2/17/2026,"Goodwill Industries of San Joaquin Valley, Inc."
60514079,2/12/2026,254974527,Bose Wave Music System Multi-CD Changer Accessory - Parts/Repair,Computers & Electronics > Personal Electronics,1,$32.99,2/12/2026,2/16/2026,$223.94,"888870754626	",$11.86,$0.00,$59.20,$9.00,$0.00,2/18/2026,"Goodwill Industries of the Chesapeake, Inc."
60514079,2/12/2026,254977135,Lot of 6 Assorted Bose Home Audio/Theatre Sound System Remote Controls,Computers & Electronics > Personal Electronics,1,$57.00,2/12/2026,2/16/2026,$223.94,"888870754626	",$11.86,$0.00,$59.20,$9.00,$0.00,2/18/2026,"Goodwill Industries of the Chesapeake, Inc."
60514079,2/12/2026,254977569,Bose Solo 5 TV Sound System 418775 Bluetooth Soundbar,Computers & Electronics > Home Electronics > Home Audio/Theater,1,$53.89,2/12/2026,2/16/2026,$223.94,"888870754626	",$11.86,$0.00,$59.20,$9.00,$0.00,2/18/2026,"Goodwill Industries of the Chesapeake, Inc."
60515014,2/12/2026,255039712,Bose Cinemate Gs Series Ii Digital Home Theater,Computers & Electronics > Home Electronics > Home Audio/Theater,1,$38.48,2/12/2026,2/19/2026,$41.47,"399164011760	",$2.98,$0.00,$0.01,$0.00,$0.00,2/27/2026,Goodwill Keystone Area - Harrisburg
60544824,2/14/2026,255112429,"Bose SoundTouch SA-5 Amplifier - No Power Cord, Untested, Sold As-Is",Computers & Electronics > Home Electronics > Amplifiers,1,$221.00,2/13/2026,2/19/2026,$253.18,"398909349260	",$17.44,$0.00,$10.74,$4.00,$0.00,2/19/2026,Goodwill Industries of Lane & South Coast Counties
60557373,2/15/2026,255588832,"Bose SoundDock Series III Digital Music System - Powers On, Pre-Owned",Computers & Electronics > Personal Electronics > iPod/MP3/CD Players & Accessories,1,$24.00,2/14/2026,2/16/2026,$54.39,"512273384227	",$2.21,$0.00,$23.68,$4.50,$0.00,2/17/2026,"Goodwill Industries of SW Florida, Inc."
60557381,2/15/2026,255134439,Bose Companion 2 Series 2 Speakers,Computers & Electronics > Home Electronics > Speakers,1,$10.00,2/13/2026,2/16/2026,$27.36,"398884975954	",$0.94,$0.00,$14.42,$2.00,$0.00,2/19/2026,Goodwill of Southwestern Pennsylvania
60557387,2/15/2026,254848707,Bose Solo Soundbar II Model 418775 - Untested,Computers & Electronics > Home Electronics > Speakers,1,$53.89,2/11/2026,2/16/2026,$111.93,"514548031144	",$8.05,$0.00,$0.02,$0.00,$0.00,2/18/2026,Goodwill of the Olympics and Rainier Region
60557387,2/15/2026,255072277,Untested Bose Cube Speakers with Audio Cables - Set of 4,Computers & Electronics > Home Electronics > Speakers,1,$49.97,2/13/2026,2/16/2026,$111.93,"514548031144	",$8.05,$0.00,$0.02,$0.00,$0.00,2/18/2026,Goodwill of the Olympics and Rainier Region
60580506,2/16/2026,255474951,Vintage Bose Acoustimass 10 Series III 5.1 Speaker System w/ Subwoofer,Computers & Electronics > Home Electronics > Home Audio/Theater,1,$174.00,2/15/2026,2/16/2026,$251.71,"399080899579	",$13.75,$0.00,$60.61,$3.35,$0.00,2/25/2026,Goodwill Industries of Greater Cleveland & East Central Ohio
60623422,2/17/2026,255407391,Bose Sounddock Series Iii Speaker | Tested,Computers & Electronics > Home Electronics > Speakers,1,$14.99,2/17/2026,2/18/2026,$31.91,"398890851982	",$1.39,$0.00,$12.53,$3.00,$0.00,2/19/2026,"Goodwill Industries of Middle Tennessee, Inc."
60623470,2/17/2026,255684126,Bose Ps28 Iii Powered Speaker System,Computers & Electronics > Home Electronics > Speakers,1,$7.99,2/17/2026,2/18/2026,$29.00,"398907386088	",$0.93,$0.00,$15.85,$4.00,$0.23,2/19/2026,Goodwill Industries of Southern Arizona
60650699,2/18/2026,255510591,Bose Soundtouch 300 Sound Bar Untested,Computers & Electronics > Home Electronics > Speakers,1,$113.00,2/18/2026,2/24/2026,$137.04,"889110618145	",$8.99,$0.00,$12.05,$3.00,$0.00,2/26/2026,Evergreen Goodwill
60650716,2/18/2026,255440766,Bose Solo TV Speaker Model 418775 - Power's On,Computers & Electronics > Home Electronics > Speakers,1,$42.92,2/18/2026,2/24/2026,$61.63,"441475727326	",$3.49,$0.00,$13.22,$2.00,$0.00,2/27/2026,Goodwill Industries of the Columbia Willamette
60650743,2/18/2026,255447534,IOB Bose Lifestyle Model 12 Music System W/ Speakers Cables Set,Computers & Electronics > Home Electronics > Receivers & Radios,1,$49.55,2/18/2026,2/24/2026,$73.09,"441366741697	",$4.07,$0.00,$16.47,$3.00,$0.00,2/27/2026,Goodwill Industries of the Inland Northwest
60650772,2/18/2026,255548176,Bose Lifestyle AV35 Home Theater Media Center Control Console - AS IS UNTESTED,Computers & Electronics,1,$41.00,2/18/2026,2/24/2026,$54.92,"889073219061	",$3.18,$0.00,$10.74,$0.00,$0.00,2/25/2026,Goodwill of Silicon Valley
60650781,2/18/2026,255501874,Bose Acoustimass Double Cube Speakers -Tested,Computers & Electronics > Home Electronics > Speakers,1,$45.44,2/18/2026,2/24/2026,$70.25,"399150009605	",$3.75,$0.00,$18.07,$2.99,$0.00,2/27/2026,Goodwill-Easter Seals MN
60750566,2/23/2026,256030561,Bose Awrcc1 Music System Powers On,Computers & Electronics > Home Electronics,1,$129.00,2/22/2026,2/24/2026,$162.51,"399184871162	",$10.23,$0.00,$20.29,$2.99,$0.00,3/1/2026,Goodwill Industries of North Florida
60751132,2/23/2026,256074596,Bose Wave Music System Model Awrcc2 W/cord/remote,Computers & Electronics > Personal Electronics,1,$129.00,2/22/2026,3/3/2026,$157.61,"399437746220	",$10.00,$0.00,$18.61,$0.00,$0.00,3/9/2026,Goodwill of Greater Washington D.C. -VA
60751350,2/23/2026,255893014,bose Smart Ultra Soundbar,Miscellaneous,1,$247.00,2/22/2026,3/3/2026,$290.03,"399506165944	",$19.41,$0.00,$20.12,$3.50,$0.00,3/11/2026,Goodwill of Western and Northern Connecticut
60762792,2/24/2026,255933426,Bose Wave Music System CD Player Radio Alarm Clock Black Tested - Powers On,Computers & Electronics > Home Electronics > Receivers & Radios,1,$135.00,2/23/2026,2/24/2026,$159.68,"399119866055	",$10.62,$0.00,$12.06,$2.00,$0.00,2/26/2026,Goodwill Houston
60763293,2/24/2026,255941544,Bose SoundDock Portable 30-Pin iPod/iPhone Speaker Dock [TESTED],Computers & Electronics > Home Electronics > Receivers & Radios,1,$37.00,2/23/2026,2/24/2026,$55.63,"399066987140	",$3.10,$0.00,$12.53,$3.00,$0.00,2/25/2026,"Goodwill Industries of Middle Tennessee, Inc."
60770795,2/24/2026,256199955,Bose VCS-10 Center Channel Speaker. Tested,Computers & Electronics > Home Electronics > Speakers,1,$37.00,2/23/2026,3/3/2026,$60.80,"399383726784	",$3.26,$0.00,$15.54,$5.00,$0.00,3/6/2026,Goodwill of Western Missouri & Eastern Kansas
60788071,2/25/2026,256255348,Bose Center Channel Speaker VCS-10 Black 50W 8 Ohm Home Audio,Computers & Electronics > Home Electronics > Speakers,1,$12.99,2/22/2026,2/26/2026,$177.78,"item 256415835 damaged refunded	",$11.40,$0.00,$19.39,$4.00,$0.00,3/13/2026,Goodwill Industries of the Southern Piedmont
60788071,2/25/2026,256415835,Bose Radio CD Player Wave White Digital Display Home Stereo Alarm,Computers & Electronics > Home Electronics,1,$130.00,2/24/2026,2/26/2026,$177.78,"item 256415835 damaged refunded	",$11.40,$0.00,$19.39,$4.00,$0.00,3/13/2026,Goodwill Industries of the Southern Piedmont
60788358,2/25/2026,256027254,Bose SoundDock Series III Digital Music System-Tested,Computers & Electronics > Home Electronics > Speakers,1,$33.00,2/24/2026,3/6/2026,$52.92,"399516939880	",$2.79,$0.00,$14.14,$2.99,$0.00,3/11/2026,Goodwill-Easter Seals MN
60808971,2/25/2026,256318827,"Bose CineMate Home Theater Speaker System - Speakers, Remote Control, & Cabling",Computers & Electronics > Home Electronics > Speakers,1,$16.00,2/24/2026,2/26/2026,$91.86,"399255040834	",$5.04,$0.00,$21.84,$7.98,$0.00,3/3/2026,Goodwill Monocacy Valley
60808971,2/25/2026,256460231,Bose CineMate Series II Digital Home Theater Speaker System,Computers & Electronics > Home Electronics > Speakers,1,$41.00,2/25/2026,2/26/2026,$91.86,"399255040834	",$5.04,$0.00,$21.84,$7.98,$0.00,3/3/2026,Goodwill Monocacy Valley
60809016,2/25/2026,256238000,Lot Of 3 White Bose Double Cube Acoustimass Speakers,Computers & Electronics > Home Electronics > Speakers,1,$18.99,2/25/2026,3/6/2026,$34.97,"399457383899	",$1.74,$0.00,$10.74,$3.50,$0.00,3/9/2026,Goodwill of Central & Northern Arizona
60809131,2/25/2026,256183990,Pair BOSE Red Line Double Cube Satellite Speakers Black Set of 2,Computers & Electronics > Home Electronics > Speakers,1,$26.01,2/25/2026,3/6/2026,$42.22,"889543408564	",$2.18,$0.00,$12.03,$2.00,$0.00,3/12/2026,Goodwill-Suncoast
60809207,2/25/2026,256176114,Powers On Bose Sound Dock Digital Music System,Computers & Electronics > Home Electronics,1,$15.99,2/25/2026,3/6/2026,$29.56,"399480871739	",$1.32,$0.00,$11.26,$0.99,$0.00,3/10/2026,Heart of Texas Goodwill
60817518,2/26/2026,255409898,Bose CineMate 15 Home Theater Speaker System | Untested,Computers & Electronics > Home Electronics > Speakers,1,$14.99,2/17/2026,2/26/2026,$92.66,"LOCALPICKUP206176261773687198	",$6.67,$0.00,$0.00,$6.00,$0.00,3/16/2026,"Goodwill Industries of Middle Tennessee, Inc."
60817518,2/26/2026,256051527,Bose AV3-2-1 II Media Center w/ Speakers | Untested,Computers & Electronics > Home Electronics > VCRs/DVDs/DVRs/Blu-ray,1,$65.00,2/24/2026,2/26/2026,$92.66,"LOCALPICKUP206176261773687198	",$6.67,$0.00,$0.00,$6.00,$0.00,3/16/2026,"Goodwill Industries of Middle Tennessee, Inc."
60877690,2/28/2026,256632360,Harmonix Rock Band Fender Stratocaster Ps3 Guitar Controller,Gaming Systems & Games > Sony Playstation 3,1,$13.00,2/28/2026,3/1/2026,$27.39,"399260810188	",$1.24,$0.00,$10.16,$2.99,$0.00,3/3/2026,Goodwill of Colorado
60892792,3/1/2026,256971644,"Bose SoundDock Series II Digital Music System-Tested/Working-12x7.5x6""",Computers & Electronics > Home Electronics > Speakers,1,$7.99,3/1/2026,3/2/2026,$22.04,"889326830227	",$0.89,$0.00,$9.67,$3.49,$0.00,3/5/2026,Goodwill Industries of Ventura and Santa Barbara Counties
60892987,3/1/2026,256198285,Bose 161 Bookshelf Speaker System Set,Computers & Electronics > Home Electronics > Speakers,1,$36.01,2/25/2026,3/6/2026,$271.36,"889448932734	",$18.76,$0.00,$10.59,$0.00,$0.00,3/9/2026,Goodwill San Diego and Imperial Counties
60892987,3/1/2026,256546429,Bose Wave Music System Iv Radio W/ Remote & Cord,Computers & Electronics > Home Electronics > Receivers & Radios,1,$206.00,3/1/2026,3/6/2026,$271.36,"889448932734	",$18.76,$0.00,$10.59,$0.00,$0.00,3/9/2026,Goodwill San Diego and Imperial Counties
60895737,3/1/2026,256725988,Bose 151 Environmental Indoor Outdoor Speakers Pair White Vintage,Computers & Electronics > Home Electronics > Speakers,1,$31.00,3/1/2026,3/2/2026,$52.23,"399439166090	",$2.66,$0.00,$15.22,$3.35,$0.00,3/9/2026,Goodwill Industries of Greater Cleveland & East Central Ohio
60895762,3/1/2026,256502285,Bose Wave Radio/cd Model Awrc1p White,Computers & Electronics > Personal Electronics > Radios,1,$120.00,3/1/2026,3/6/2026,$138.92,"889399856829	",$9.30,$0.00,$9.62,$0.00,$0.00,3/8/2026,Goodwill San Diego and Imperial Counties
60911039,3/2/2026,256331904,Bose Acoustimass Subwoofer & 2 Satellites | Untested - LOCAL PICKUP,Computers & Electronics > Home Electronics > Speakers,1,$14.99,2/26/2026,3/2/2026,$58.15,"LOCALPICKUP206919311773687198	",$4.18,$0.00,$0.00,$9.00,$0.00,3/16/2026,"Goodwill Industries of Middle Tennessee, Inc."
60911039,3/2/2026,256332062,Bose PS28 III Powered Speaker System | Untested | Local Pickup Only,Computers & Electronics > Home Electronics > Speakers,1,$19.99,2/26/2026,3/2/2026,$58.15,"LOCALPICKUP206919311773687198	",$4.18,$0.00,$0.00,$9.00,$0.00,3/16/2026,"Goodwill Industries of Middle Tennessee, Inc."
60911039,3/2/2026,256677674,Bose Cinemate Gs Series Ii Black 2.1 Home Theater Pickup Only Power On,Computers & Electronics > Home Electronics > Speakers,1,$9.99,3/2/2026,3/2/2026,$58.15,"LOCALPICKUP206919311773687198	",$4.18,$0.00,$0.00,$9.00,$0.00,3/16/2026,"Goodwill Industries of Middle Tennessee, Inc."
60915065,3/2/2026,256927391,Bose Wave AWRCC1 Media Center (Powers On),Computers & Electronics > Home Electronics > Speakers,1,$130.00,3/2/2026,3/6/2026,$158.09,"889585747794	",$10.24,$0.00,$15.85,$2.00,$0.00,3/13/2026,Goodwill Industries of the Southern Piedmont
60915182,3/2/2026,256502314,Bose Speaker Cubes Not Tested,Computers & Electronics > Home Electronics > Speakers,1,$38.00,3/2/2026,3/6/2026,$51.74,"889400426557	",$2.95,$0.00,$10.79,$0.00,$0.00,3/8/2026,Goodwill San Diego and Imperial Counties
60919013,3/2/2026,256547677,Bose Wave Music System AWRCC1 Power On Tested,Computers & Electronics > Home Electronics > Home Audio/Theater,1,$114.00,3/1/2026,3/6/2026,$211.86,"399404520290	",$13.96,$0.00,$17.90,$6.00,$0.00,3/8/2026,Goodwill of Greater Milwaukee and Chicago
60919013,3/2/2026,256652419,Pair Of Bose 151 SE Speakers,Computers & Electronics > Home Electronics > Speakers,1,$60.00,3/2/2026,3/6/2026,$211.86,"399404520290	",$13.96,$0.00,$17.90,$6.00,$0.00,3/8/2026,Goodwill of Greater Milwaukee and Chicago
60943443,3/3/2026,256976982,Harmonix Rock Band Fender Stratocaster Wireless Guitar Controller,Gaming Systems & Games,1,$8.99,3/3/2026,3/6/2026,$48.34,"399484604823	",$1.01,$0.00,$34.35,$3.99,$0.00,3/10/2026,Goodwill Monocacy Valley
60944286,3/3/2026,256720969,Set of 5 Bose Wired Surround Speakers | Tested,Computers & Electronics > Home Electronics > Speakers,1,$54.55,3/3/2026,3/6/2026,$80.57,"399485279437	",$4.46,$0.00,$18.56,$3.00,$0.00,3/10/2026,"Goodwill Industries of Middle Tennessee, Inc."
60967958,3/4/2026,256831022,BOSE Speaker PS28 III UNTESTED,Computers & Electronics > Home Electronics > Speakers,1,$24.28,3/4/2026,3/6/2026,$55.17,"399485187351	",$2.11,$0.00,$25.78,$3.00,$0.00,3/10/2026,"Goodwill Industries of Middle Tennessee, Inc."
60993549,3/5/2026,256960813,"Bose Vca-100 Center Channel Speaker (no Cords, for Repair/parts)",Computers & Electronics > Home Electronics > Speakers,1,$12.95,3/5/2026,3/6/2026,$23.83,"889432495688	",$1.00,$0.00,$9.88,$0.00,$0.00,3/9/2026,Goodwill San Diego and Imperial Counties
61013012,3/6/2026,257043340,Bose SoundDock Series III Digital Music System,Computers & Electronics > Home Electronics > Home Audio/Theater,1,$21.00,3/6/2026,3/15/2026,$41.84,"889744493930	",$1.79,$0.00,$17.05,$2.00,$0.00,3/18/2026,Goodwill Industries of Northern Illinois
61013028,3/6/2026,257026927,Bose Companion 2 Series III Multimedia Speaker System - Working,Computers & Electronics > Home Electronics > Speakers,1,$8.99,3/6/2026,3/7/2026,$25.22,"889465769018	",$0.93,$0.00,$12.30,$3.00,$0.00,3/10/2026,"Goodwill Industries of the Chesapeake, Inc."
61067961,3/9/2026,257280078,Bose 161 Left & Right Wired Speakers | Tested,Computers & Electronics > Home Electronics > Speakers,1,$27.00,3/9/2026,3/11/2026,$32.32,"LOCALPICKUP208456741773687198	",$2.32,$0.00,$0.00,$3.00,$0.00,3/16/2026,"Goodwill Industries of Middle Tennessee, Inc."
61068052,3/9/2026,257520293,Bose Cube Model 192420-149& 290198-119 Speakers (untested),Computers & Electronics > Home Electronics > Speakers,1,$56.00,3/9/2026,3/15/2026,$87.32,"889783012418	",$4.57,$0.00,$23.76,$2.99,$0.00,3/19/2026,Goodwill Industries of North Florida
61068269,3/9/2026,257255338,Bose SoundDock Series II Speakers Lot -Untested,Computers & Electronics > Home Electronics > Speakers,1,$32.09,3/9/2026,3/16/2026,$68.20,"399795542404	",$2.72,$0.00,$30.40,$2.99,$0.00,3/20/2026,Goodwill-Easter Seals MN
61075824,3/10/2026,257651898,Bose SoundTouch Model 412530 Wireless Adapter Home Theater Speaker Not Tested,Computers & Electronics > Home Electronics > Speakers,1,$18.00,3/9/2026,3/15/2026,$37.03,"399663465882	",$1.79,$0.00,$12.24,$5.00,$0.00,3/16/2026,Goodwill Industries of South Florida
61076252,3/10/2026,257255974,Bose VCS-10 Center Channel Speaker -Tested,Computers & Electronics > Home Electronics > Speakers,1,$14.99,3/9/2026,3/16/2026,$38.32,"399777262008	",$1.39,$0.00,$18.95,$2.99,$0.00,3/19/2026,Goodwill-Easter Seals MN
61099487,3/11/2026,257428525,Bose VCS-10 Center Channel Speaker - Tested Sound,Computers & Electronics > Home Electronics > Speakers,1,$11.99,3/10/2026,3/15/2026,$32.25,"889772894490	",$1.24,$0.00,$15.03,$3.99,$0.00,3/19/2026,Goodwill of North Central Wisconsin
61123192,3/11/2026,257472598,Bose Sounddock Series Ii 2 Digital Music System [Tested],Computers & Electronics > Personal Electronics,1,$17.00,3/11/2026,3/15/2026,$35.42,"399684655429	",$1.55,$0.00,$13.87,$3.00,$0.00,3/17/2026,"Goodwill Industries of Middle Tennessee, Inc."
61148808,3/13/2026,257501999,Bose Mini Computer Speakers White 8pc Untested,Computers & Electronics > Home Electronics > Speakers,1,$113.00,3/12/2026,3/15/2026,$121.77,"517399626352	",$8.76,$0.00,$0.01,$0.00,$0.00,3/19/2026,Goodwill of the Olympics and Rainier Region
61266363,3/18/2026,257910249,Bose Solo TV Speaker with Cables and Power Supply,Computers & Electronics > Home Electronics > Speakers,1,$32.00,3/15/2026,3/18/2026,$49.73,"399771433774	",$2.71,$0.00,$12.03,$2.99,$0.00,3/19/2026,Goodwill of Central & Southern Indiana
61358260,3/22/2026,258545025,Bose Media Center,Computers & Electronics,1,$29.99,3/21/2026,3/22/2026,$50.10,"399852167109	",$2.48,$0.00,$15.63,$2.00,$0.00,3/23/2026,Goodwill Industries of Central Michigan's Heartland
