snapshot-date,sku,fnsku,asin,product-name,condition,available,pending-removal-quantity,inv-age-0-to-90-days,inv-age-91-to-180-days,inv-age-181-to-270-days,inv-age-271-to-365-days,inv-age-366-to-455-days,inv-age-456-plus-days,currency,units-shipped-t7,units-shipped-t30,units-shipped-t60,units-shipped-t90,alert,your-price,sales-price,lowest-price-new-plus-shipping,lowest-price-used,recommended-action,DEPRECATED healthy-inventory-level,recommended-sales-price,recommended-sale-duration-days,recommended-removal-quantity,estimated-cost-savings-of-recommended-actions,sell-through,item-volume,volume-unit-measurement,storage-type,storage-volume,marketplace,product-group,sales-rank,days-of-supply,estimated-excess-quantity,weeks-of-cover-t30,weeks-of-cover-t90,featuredoffer-price,sales-shipped-last-7-days,sales-shipped-last-30-days,sales-shipped-last-60-days,sales-shipped-last-90-days,inv-age-0-to-30-days,inv-age-31-to-60-days,inv-age-61-to-90-days,inv-age-181-to-330-days,inv-age-331-to-365-days,estimated-storage-cost-next-month,inbound-quantity,inbound-working,inbound-shipped,inbound-received,no-sale-last-6-months,Total Reserved Quantity,unfulfillable-quantity,quantity-to-be-charged-ais-181-210-days,estimated-ais-181-210-days,quantity-to-be-charged-ais-211-240-days,estimated-ais-211-240-days,quantity-to-be-charged-ais-241-270-days,estimated-ais-241-270-days,quantity-to-be-charged-ais-271-300-days,estimated-ais-271-300-days,quantity-to-be-charged-ais-301-330-days,estimated-ais-301-330-days,quantity-to-be-charged-ais-331-365-days,estimated-ais-331-365-days,quantity-to-be-charged-ais-366-455-days,estimated-ais-366-455-days,quantity-to-be-charged-ais-456-plus-days,estimated-ais-456-plus-days,historical-days-of-supply,fba-minimum-inventory-level,fba-inventory-level-health-status,Recommended ship-in quantity,Recommended ship-in date,Last updated date for Historical Days of Supply,Exempted from Low-Inventory-Level fee?,Low-Inventory-Level fee applied in current week?,Short term historical days of supply,Long term historical days of supply,Inventory age snapshot date,Inventory Supply at FBA,Reserved FC Transfer,Reserved FC Processing,Reserved Customer Order,Reserved Staging,Total Days of Supply (including units from open shipments),supplier,is-seasonal-in-next-3-months,season-name,season-start-date,season-end-date,Zoho SKU
6/8/2026,RV-DAXK-2RQH,X004WMG0T3,B0C79M1QCM,50 ft RCA to Bare Wire Speaker Cable for Rear Bose Cube Speakers/Acoustimass Lifestyle Systems – Single – White,New,2,0,6,0,0,0,0,0,USD,2,2,3,3,Low traffic,32.88,0,32.88,0,Advertise listing,,0,0,0,250,0.86,0.035576,cubic feet,Standard,0.071152,US,gl_home_entertainment,251565,275,0,24,52,32.88,65.76,65.76,98.64,98.64,0,6,0,0,0,0.36,10,0,10,0,,2,0,,,,,,,,,,,,,,,,,121.7,5,Low stock,,,6/8/2026,Yes,No,114.5,121.7,6/6/2026,14,2,0,2,0,306,unassigned,N,,,,
6/8/2026,H8-S4AZ-5RMQ,X004NDIUJJ,B001NJL6QE,Activision Wireless Drum Kit Set for Guitar Hero World Tour / Band Hero,Used,1,0,0,0,0,0,1,0,USD,,,,,Low traffic,588,0,0,588,Create removal order,,0,0,0,1818.56,0,7.171875,cubic feet,Oversize,7.171875,US,gl_video_games,86682,,1,,,588,,,,,0,0,0,0,0,53.17,0,0,0,0,,0,0,0,0,0,0,0,0,0,0,0,0,0,0,1,49.49,0,0,,,Excess,,,,,,,,6/6/2026,1,0,0,0,0,,unassigned,N,,,,
6/8/2026,01901-W,X0050BZEJH,B0GN5RY831,Bluetooth WiFi SoundTouch Pedestal for Bose Wave Music System III IV - White,New,1,0,9,0,0,0,0,0,USD,0,1,2,2,Low traffic,178,0,178,0,CreateShippingPlan,,0,0,0,0,0.4,0.444444,cubic feet,Standard,0.444444,US,gl_electronics,494530,91,0,4,6,178,0,178,356,356,8,0,1,0,0,2.37,0,0,0,0,,0,0,,,,,,,,,,,,,,,,,160,3,Healthy,,,6/8/2026,Yes,No,84.5,160,6/6/2026,9,8,0,0,0,91,unassigned,N,,,,
6/8/2026,PT-D051-M7LE,X001P14H5X,B00007AJ8B,Bose 151 Indoor/Outdoor Speaker Pair (White),Used,2,0,0,0,0,2,0,0,USD,,,,,Low traffic,368,0,0,238,Lower price,,0,0,0,420.54,0.46,0.6845,cubic feet,Standard,1.369,US,gl_electronics,414360,,2,,,238,,,,,0,0,0,1,1,9.6,0,0,0,0,,0,0,0,0,0,0,0,0,0,0,1,3.9,0,0,1,4.72,0,0,,,Excess,,,,,,,,6/6/2026,2,0,0,0,0,,unassigned,N,,,,
6/8/2026,T0-QGDN-MOLO,X003U4WNMR,B0001H9TGS,"Bose 151 SE Environmental Speakers, Elegant Outdoor Speakers - Black",Used,3,0,0,0,0,1,2,0,USD,0,0,0,0,Low conversion,698,0,0,698,Lower price,,0,0,0,1031.1,1.6,1.133234,cubic feet,Oversize,3.399702,US,gl_electronics,51603,,3,,,698,0,0,0,0,0,0,0,1,0,23.56,0,0,0,0,,0,0,0,0,0,0,0,0,1,6.18,0,0,0,0,2,15.64,0,0,,,Excess,,,,,,,,6/6/2026,3,0,0,0,0,,unassigned,N,,,,
6/8/2026,8E-DPY2-HPDX,X004MBN5EH,B000XYJ4PU,Guitar Hero III Legends of Rock Wired Bundle -Xbox 360,,0,0,0,0,0,0,1,0,USD,,,,,,0,0,0,0,NoRestockExcessActionRequired,,,0,0,,0,1.011836,cubic feet,Oversize,0,US,gl_video_games,5293,,0,,,249.95,,,,,0,0,0,0,0,,0,0,0,0,,1,0,0,0,0,0,0,0,0,0,0,0,0,0,1,6.98,0,0,,,,,,,,,,,6/6/2026,0,0,0,0,1,,unassigned,N,,,,
6/8/2026,I6-PNFV-DOL4,X004A1SOL3,B0001H9TGI,"Bose 151 SE Environmental Speakers, Elegant Outdoor Speakers - White",Used,2,0,0,0,2,0,0,0,USD,0,0,0,0,Low conversion,728,0,0,488,Lower price,,0,0,0,677.83,1.26,1.171805,cubic feet,Oversize,2.34361,US,gl_electronics,51603,,2,,,488,0,0,0,0,0,0,0,2,0,4.13,0,0,0,0,,0,0,0,0,1,1.17,1,1.76,0,0,0,0,0,0,0,0,0,0,,,Excess,,,,,,,,6/6/2026,2,0,0,0,0,,unassigned,N,,,,
6/8/2026,FX-NYX7-3729,X0049XBP3L,B0001H9TGI,"Bose 151 SE Environmental Speakers, Elegant Outdoor Speakers - White",Used,2,0,2,0,0,0,0,0,USD,,,,,Low conversion,538,0,0,488,Lower price,,,0,0,,1.26,1.171805,cubic feet,Oversize,2.34361,US,gl_electronics,51603,,0,,,488,,,,,0,2,0,0,0,,2,0,0,2,,0,0,,,,,,,,,,,,,,,,,,,,,,,,,,,6/6/2026,4,0,0,0,0,,unassigned,N,,,,
6/8/2026,VQ-INZ7-DEER,X003H4TW9R,B00006I53B,Bose 161 Speaker System (White) - Ideal for Stereo or Home Theater use,Used,4,0,4,0,0,0,0,0,USD,0,0,0,2,Low traffic,178,0,0,177,NoRestockExcessActionRequired,,176.22,9,0,567.79,1.23,0.641365,cubic feet,Standard,2.56546,US,gl_electronics,82222,,0,,26,177,0,0,0,356,0,4,0,0,0,1.83,0,0,0,0,,0,0,,,,,,,,,,,,,,,,,,,,,,,,,,113.5,6/6/2026,4,0,0,0,0,,unassigned,N,,,,
6/8/2026,BJ-U4WX-4VNW,X00395V50D,B00006I53C,"Bose 251 Environmental Speakers, Premium Outdoor Speakers - Black",,2,0,2,0,0,0,0,0,USD,0,0,0,0,,0,0,599,728,GoToStranded,,718,9,0,860.69,3,1.839188,cubic feet,Oversize,3.678376,US,gl_electronics,39441,,0,,,599,0,0,0,0,0,0,2,0,0,1.89,0,0,0,0,,0,0,,,,,,,,,,,,,,,,,,,,,,,,,,,6/6/2026,2,0,0,0,0,,unassigned,N,,,,
6/8/2026,CF-D4XF-E3ZS,X0036X928P,B088KRPCQJ,"Bose TV Speaker - Soundbar for TV with Bluetooth and HDMI-ARC Connectivity, All-in-One Compact Soundbar, Includes Remote Control, Black",,0,0,1,0,0,0,0,0,USD,0,0,1,1,,0,0,279,249.95,CreateShippingPlan,,,0,0,,2.4,0.770165,cubic feet,Oversize,0,US,gl_electronics,1385,,0,,0,279,0,0,238,238,0,1,0,0,0,,0,0,0,0,,1,0,,,,,,,,,,,,,,,,,,,,,,,,,,18,6/6/2026,0,0,0,1,0,,unassigned,N,,,,
6/8/2026,SW-WELV-F79Z,X0049ES8RL,B00006I53C,"Bose 251 Environmental Speakers, Premium Outdoor Speakers - Black",Used,1,0,1,0,0,0,0,0,USD,0,1,3,6,,728,0,599,728,CreateShippingPlan,,599,9,0,405.78,3,1.839188,cubic feet,Oversize,1.839188,US,gl_electronics,39441,,0,4,2,599,0,728,2184,4368,1,0,0,0,0,0.94,0,0,0,0,,0,0,,,,,,,,,,,,,,,,,45,,,,,6/8/2026,Yes,No,45,18.2,6/6/2026,1,0,0,0,0,,unassigned,N,,,,
6/8/2026,WS-T8XQ-RQ74,X0038IWQ0T,B00006L7RV,Bose 301-V Stereo Loudspeakers (Pair) - Black,Used,1,0,0,0,0,2,0,0,USD,,,,,Low conversion,568,0,0,568,Lower price,,0,0,0,856.86,2,3.320169,cubic feet,Oversize,3.320169,US,gl_electronics,77259,,1,,,418,,,,,0,0,0,1,1,20.63,0,0,0,0,,1,0,0,0,0,0,0,0,0,0,1,18.93,0,0,1,22.91,0,0,,,Excess,,,,,,,,6/6/2026,1,0,0,1,0,,unassigned,N,,,,
6/8/2026,62-F6LT-H61O,X003U4W4LR,B011IH685E,"Bose 731396-1100 SoundTouch 10 Wireless Speaker, Works with Alexa, Black",Used,3,0,3,0,0,0,0,0,USD,,,,,Low conversion,338,0,0,338,Lower price,,149,9,0,271.2,1.69,0.274681,cubic feet,Standard,0.824043,US,gl_electronics,52128,,0,,,151,,,,,0,3,0,0,0,0.76,0,0,0,0,,0,0,,,,,,,,,,,,,,,,,,,,,,,,,,,6/6/2026,3,0,0,0,0,,unassigned,N,,,,
6/8/2026,04986-N,X004NXDAW1,B001Q9VSHS,PS2 Guitar Hero World Tour - Stand Alone Guitar,,0,0,0,0,0,0,1,0,USD,,,,,Low conversion,0,0,0,197.99,NoRestockExcessActionRequired,,,0,0,,0,0.509259,cubic feet,Oversize,0,US,gl_video_games,18319,,0,,,129.95,,,,,0,0,0,0,0,,0,0,0,0,,0,0,0,0,0,0,0,0,0,0,0,0,0,0,1,3.51,0,0,,,,,,,,,,,6/6/2026,0,0,0,0,0,,unassigned,N,,,,
6/8/2026,SO-LZOA-I5NA,X0045OJM6B,B011IH67NC,"Bose 731396-1200 SoundTouch 10 Wireless Speaker, Works with Alexa, White",Used,5,0,5,0,0,0,0,0,USD,0,0,0,0,Low traffic,198,238,0,238,Lower price,,186,9,0,391.48,0,0.266623,cubic feet,Standard,1.333115,US,gl_electronics,123419,,0,,,190,0,0,0,0,0,5,0,0,0,1.21,0,0,0,0,,0,0,,,,,,,,,,,,,,,,,,,,,,,,,,,6/6/2026,5,0,0,0,0,,unassigned,N,,,,
6/8/2026,4L-296S-DL92,X004K5V4AR,B011IH6E26,"Bose 738063-1100 SoundTouch 20 Wireless Speaker, Works with Alexa, Black",Used,1,0,1,0,0,0,0,0,USD,0,0,0,0,Low conversion,468,0,0,468,Lower price,,299,9,0,208.65,0,0.810963,cubic feet,Oversize,0.810963,US,gl_electronics,194987,,0,,,287,0,0,0,0,0,0,1,0,0,0.58,0,0,0,0,,0,0,,,,,,,,,,,,,,,,,,,,,,,,,,,6/6/2026,1,0,0,0,0,,unassigned,N,,,,
6/8/2026,04890-N,X004ZR484T,B01K6P08FA,"Bose 767397-1110 Wireless Audio System Adapter, Works with Alexa, Black",Used,2,0,2,0,0,0,0,0,USD,0,1,1,2,Low traffic,258.86,0,0,223.88,NoRestockExcessActionRequired,,223.88,9,0,76.21,3.69,0.047044,cubic feet,Standard,0.094088,US,gl_electronics,169015,,0,8,13,223.88,0,258.86,258.86,576.86,0,0,2,0,0,0.07,0,0,0,0,,0,0,,,,,,,,,,,,,,,,,95.5,,,,,6/8/2026,Yes,No,83,95.5,6/6/2026,2,0,0,0,0,,unassigned,N,,,,
6/8/2026,J9-SFIE-SFMT,X003U4W3Y5,B00NJTX6ZU,Bose CineMate 130 Home Theater System,Used,3,0,0,0,1,2,0,0,USD,0,0,0,0,Low traffic,538,0,0,538,Create removal order,,435,9,0,4397.5,0,5.906312,cubic feet,Oversize,17.718936,US,gl_electronics,262122,,3,,,435,0,0,0,0,0,0,0,2,1,86.47,0,0,0,0,,0,0,0,0,0,0,1,8.86,0,0,1,33.67,1,34.85,0,0,0,0,,,Excess,,,,,,,,6/6/2026,3,0,0,0,0,,unassigned,N,,,,
6/8/2026,03-T8QC-MKT8,X004APNM6L,B00CD1PTF0,Bose Companion 2 Series III Multimedia Speakers - for PC (with 3.5mm AUX & PC Input) Black,Used,1,0,0,1,0,0,0,0,USD,0,0,1,2,Low conversion,188,0,0,186,CreateShippingPlan,,169,9,0,103.56,3.77,0.457022,cubic feet,Standard,0.457022,US,gl_electronics,,,1,,6,158,0,0,188,406,0,0,0,0,0,0.29,0,0,0,0,,0,0,,,,,,,,,,,,,,,,,,,Excess,,,,,,,75,6/6/2026,1,0,0,0,0,,unassigned,N,,,,
6/8/2026,ZH-B8YN-P1E9,X004E2Y2F5,B00CD1PTF0,Bose Companion 2 Series III Multimedia Speakers - for PC (with 3.5mm AUX & PC Input) Black,Used,11,0,13,0,0,0,0,0,USD,0,2,2,4,,186,0,0,186,NoRestockExcessActionRequired,,169,9,0,1114.52,3.77,0.457022,cubic feet,Standard,5.027242,US,gl_electronics,,,0,22,35,158,0,376,376,752,0,0,13,0,0,3.22,0,0,0,0,,1,0,,,,,,,,,,,,,,,,,201.5,,,,,6/8/2026,Yes,No,201.5,185,6/6/2026,11,0,0,1,0,,unassigned,N,,,,
6/8/2026,BI-O9EQ-2WIR,X004A488TD,B005MJF09A,Bose Personal Music Center III,Used,5,0,0,5,0,0,0,0,USD,0,0,0,0,Low traffic,168,0,0,168,Lower price,,134.4,9,0,217.71,0,0.128333,cubic feet,Standard,0.641665,US,gl_electronics,440043,,5,,,124.99,0,0,0,0,0,0,0,0,0,0.46,0,0,0,0,,0,0,,,,,,,,,,,,,,,,,,,Excess,,,,,,,,6/6/2026,5,0,0,0,0,,unassigned,N,,,,
6/8/2026,RX-JZZI-WC1I,X004A43XHP,B00482U6FU,Bose RC-35S2 Expansion Remote for Lifestyle V35/V25 Systems,Used,3,0,0,2,1,0,0,0,USD,0,0,0,0,Low traffic,186,0,0,186,Create removal order,,125,9,0,105.92,0,0.077413,cubic feet,Standard,0.232239,US,gl_electronics,426380,,3,,,125,0,0,0,0,0,0,0,1,0,0.28,0,0,0,0,,0,0,0,0,0,0,1,0.12,0,0,0,0,0,0,0,0,0,0,,,Excess,,,,,,,,6/6/2026,3,0,0,0,0,,unassigned,N,,,,
6/8/2026,9W-GKZY-W7MB,X00379UMIH,B000IE8Z4Q,Bose Companion 5 Multimedia Speaker System – Graphite/Silver,,0,0,1,0,0,0,0,0,USD,0,0,3,3,,0,0,0,0,CreateShippingPlan,,,0,0,,6,1.595785,cubic feet,Oversize,0,US,gl_electronics,,,0,,4,272,0,0,1314,1314,1,0,0,0,0,,1,0,0,1,,1,0,,,,,,,,,,,,,,,,,,,,,,,,,,14.3,6/6/2026,1,0,0,1,0,,unassigned,N,,,,
6/8/2026,KU-W3VN-8ODY,X004DBJMZH,B0183T5TPU,Bose RC-PWS III Universal Remote Control for Solo TV Sound Systems & CineMate Home Theater Speaker Systems,Used,3,0,3,0,0,0,0,0,USD,0,3,6,6,Low traffic,75.88,0,0,75.88,NoRestockExcessActionRequired,,60.7,9,0,206.18,2.15,0.077387,cubic feet,Standard,0.232161,US,gl_electronics,247069,,0,12,19,75.88,0,227.64,455.28,455.28,0,3,0,0,0,0.63,6,0,6,0,,0,0,,,,,,,,,,,,,,,,,56.2,,,,,6/8/2026,Yes,No,35.3,56.2,6/6/2026,9,0,0,0,0,,unassigned,N,,,,
6/8/2026,7H-7YR8-RN1H,X0030JT4XX,B0183T5TPU,Bose RC-PWS III Universal Remote Control for Solo TV Sound Systems & CineMate Home Theater Speaker Systems,Used,1,0,0,1,0,0,0,0,USD,0,0,0,0,Low traffic,98.88,0,0,75.88,Lower price,,75.88,9,0,27.28,2.15,0.077387,cubic feet,Standard,0.077387,US,gl_electronics,247069,,1,,,75.88,0,0,0,0,0,0,0,0,0,0.07,0,0,0,0,,0,0,,,,,,,,,,,,,,,,,,,Excess,,,,,,,,6/6/2026,1,0,0,0,0,,unassigned,N,,,,
6/8/2026,3745,X004O69DL9,B00N1SSX6Q,"Bose Solo 15 TV Sound System, Black",Used,1,0,1,0,0,0,0,0,USD,0,1,1,1,Low traffic,186,0,0,186,NoRestockExcessActionRequired,,148.8,9,0,176.56,2.67,0.814771,cubic feet,Oversize,0.814771,US,gl_electronics,324793,,0,4,13,186,0,186,186,186,0,1,0,0,0,0.58,0,0,0,0,,0,0,,,,,,,,,,,,,,,,,57,,,,,6/8/2026,Yes,No,43,57,6/6/2026,1,0,0,0,0,,unassigned,N,,,,
6/8/2026,0O-SL23-SM1S,X002N5HJKF,B008EWNVI4,Bose Solo TV Sound System,Used,1,0,1,0,0,0,0,0,USD,0,1,1,1,Low traffic,218.88,0,0,125,NoRestockExcessActionRequired,,,0,0,,1.33,1.67125,cubic feet,Oversize,1.67125,US,gl_electronics,189332,,0,4,13,159.95,0,218.88,218.88,218.88,0,1,0,0,0,,0,0,0,0,,0,0,,,,,,,,,,,,,,,,,52,,,,,6/8/2026,Yes,No,38,52,6/6/2026,1,0,0,0,0,,unassigned,N,,,,
6/8/2026,4T-3IUV-R6NI,X004V1QUJ5,B011U9G5IK,Bose Sound Touch Series II Wireless Adapter,Used,3,0,0,0,3,0,0,0,USD,,,,,Low traffic,198,0,0,198,Create removal order,,0,0,0,117.5,0,0.08259,cubic feet,Standard,0.24777,US,gl_electronics,329271,,3,,,198,,,,,0,0,0,3,0,0.55,0,0,0,0,3,0,0,0,0,0,0,3,0.37,0,0,0,0,0,0,0,0,0,0,,,Excess,,,,,,,,6/6/2026,3,0,0,0,0,,unassigned,N,,,,
6/8/2026,00028-1,X00512GR4L,B001GN1IQU,Bose SoundDock Remote - Gray,Used,1,0,1,0,0,0,0,0,USD,0,12,28,38,,27.88,0,0,0,CreateShippingPlan,,22.3,9,0,9.55,8.14,0.001497,cubic feet,Standard,0.001497,US,gl_electronics,83627,,0,0,0,27.88,0,334.56,786.64,1089.44,1,0,0,0,0,0,0,0,0,0,,0,1,,,,,,,,,,,,,,,,,15.4,,,,,6/8/2026,Yes,No,11,15.4,6/6/2026,2,1,0,0,0,,unassigned,N,,,,
6/8/2026,1780,X004QL7NNR,B011IH6MPU,Bose SoundTouch 130 Home Theater System - Black,Used,1,0,0,1,0,0,0,0,USD,,,,,Low traffic,628,0,0,628,Lower price,,568,9,0,1313.48,0,5.791042,cubic feet,Oversize,5.791042,US,gl_electronics,568904,,1,,,568,,,,,0,0,0,0,0,4.14,0,0,0,0,,0,0,,,,,,,,,,,,,,,,,,,Excess,,,,,,,,6/6/2026,1,0,0,0,0,,unassigned,N,,,,
6/8/2026,VO-UAMG-Y6ZI,X002LWDZHV,B00021Y9NQ,Bose Wave AM/FM Clock Radio - Model AWR1G1 - Graphite,Used,1,0,0,0,0,1,0,0,USD,0,1,1,1,Low traffic,178,0,0,169.99,NoRestockExcessActionRequired,,0,0,0,346.6,0.57,1.377315,cubic feet,Oversize,1.377315,US,gl_electronics,104382,,1,4,13,120.5,0,178,178,178,0,0,0,1,0,8.21,0,0,0,0,,0,0,0,0,0,0,0,0,1,7.51,0,0,0,0,0,0,0,0,167,,Excess,,,6/8/2026,Yes,No,47,167,6/6/2026,1,0,0,0,0,,unassigned,N,,,,
6/8/2026,3F-AVUX-RGWW,X0049413B9,B011IH6MBO,Bose Wave Music System IV - Espresso Black,Used,1,0,1,0,0,0,0,0,USD,0,0,1,2,Low conversion,568,0,1789,549.99,CreateShippingPlan,,454.4,9,0,256.51,0.73,1.035434,cubic feet,Oversize,1.035434,US,gl_electronics,36596,8,0,,6,1800,0,0,568,1236,0,0,1,0,0,0.74,0,0,0,0,,0,0,,,,,,,,,,,,,,,,,,14,Low stock,20,6/13/2026,,,,,50,6/6/2026,1,0,0,0,0,8,unassigned,N,,,,
6/8/2026,B6-ARNI-JB80,X004BHNIQ7,B011IH6MBO,Bose Wave Music System IV - Espresso Black,Used,2,0,2,0,0,0,0,0,USD,,,,,Low conversion,786,0,1789,549.99,Lower price,,568,9,0,560.01,0.73,1.036314,cubic feet,Oversize,2.072628,US,gl_electronics,36596,17,0,,,1800,,,,,0,0,2,0,0,1.48,0,0,0,0,,0,0,,,,,,,,,,,,,,,,,,1,Healthy,19,6/13/2026,,,,,,6/6/2026,2,0,0,0,0,17,unassigned,N,,,,
6/8/2026,IH-006H-ODYH,X0049Q6ZHT,B011IH6N0Y,Bose Wave Music System IV - Platinum Silver,Used,2,0,2,0,0,0,0,0,USD,0,0,0,0,Low conversion,768,0,0,559,Lower price,,423,9,0,563.56,0,0.999259,cubic feet,Oversize,1.998518,US,gl_electronics,113067,,0,,,423.54,0,0,0,0,0,0,2,0,0,1.43,0,0,0,0,,0,0,,,,,,,,,,,,,,,,,,,,,,,,,,,6/6/2026,2,0,0,0,0,,unassigned,N,,,,
6/8/2026,XN-LRYH-V70V,X003VAFLQF,B011IH6N0Y,Bose Wave Music System IV - Platinum Silver,Used,1,0,0,1,0,0,0,0,USD,0,0,0,0,Low conversion,559.88,0,0,559,Lower price,,423,9,0,269.99,0,0.999259,cubic feet,Oversize,0.999259,US,gl_electronics,113067,,1,,,423.54,0,0,0,0,0,0,0,0,0,0.71,0,0,0,0,,0,0,,,,,,,,,,,,,,,,,,,Excess,,,,,,,,6/6/2026,1,0,0,0,0,,unassigned,N,,,,
6/8/2026,1846,X004O8NB0V,B011IH6MI2,"Bose Wave SoundTouch Music System IV, Works with Alexa, Platinum Silver - 738031-1310",Used,1,0,1,0,0,0,0,0,USD,0,0,0,0,Low conversion,698,0,0,698,Lower price,,558.4,9,0,326.03,0,1.250651,cubic feet,Oversize,1.250651,US,gl_electronics,69845,,0,,,698,0,0,0,0,0,0,1,0,0,0.89,0,0,0,0,,0,0,,,,,,,,,,,,,,,,,,,,,,,,,,,6/6/2026,1,0,0,0,0,,unassigned,N,,,,
6/8/2026,7B-HHPJ-XPV8,X004MURN6T,B00K72E45S,Bose Wave® Music System III - Limited-Edition Blue,Used,1,0,0,1,0,0,0,0,USD,0,0,0,0,Low conversion,768,0,0,768,Lower price,,455,9,0,285.1,0,0.991476,cubic feet,Oversize,0.991476,US,gl_electronics,57240,,1,,,455,0,0,0,0,0,0,0,0,0,0.71,0,0,0,0,,0,0,,,,,,,,,,,,,,,,,,,Excess,,,,,,,,6/6/2026,1,0,0,0,0,,unassigned,N,,,,
6/8/2026,KA-E10M-X9K5,X0038RTK09,B007ZC99Q2,Bose Wave® Music System III - Titanium Silver,Used,1,0,1,0,0,0,0,0,USD,0,1,1,1,,458,0,0,458,NoRestockExcessActionRequired,,343,9,0,354.41,0.8,1.497034,cubic feet,Oversize,1.497034,US,gl_electronics,24139,,0,4,13,345,0,458,458,458,0,0,1,0,0,1.07,0,0,0,0,,0,0,,,,,,,,,,,,,,,,,143,,,,,6/8/2026,Yes,No,41,143,6/6/2026,1,0,0,0,0,,unassigned,N,,,,
6/8/2026,7U-KOU9-NOSD,X004L97MA3,B007ZDES9Y,Bose Wave® Radio III -Platinum White,Used,2,0,2,0,0,0,0,0,USD,0,0,0,0,Low traffic,268,0,0,268,Lower price,,221,9,0,454.94,0,0.999259,cubic feet,Oversize,1.998518,US,gl_electronics,195302,,0,,,209,0,0,0,0,0,0,2,0,0,1.43,0,0,0,0,,0,0,,,,,,,,,,,,,,,,,,,,,,,,,,,6/6/2026,2,0,0,0,0,,unassigned,N,,,,
6/8/2026,04994-N,X004OHJR0Z,B001BNFOYW,"Bose® Wave® Music System Multi-CD Changer, Titanium Silver",Used,2,0,0,2,0,0,0,0,USD,0,0,0,0,Low traffic,558,0,0,558,Lower price,,341.99,9,0,543.31,0,1.06776,cubic feet,Oversize,2.13552,US,gl_electronics,80251,,2,,,265,0,0,0,0,0,0,0,0,0,1.1,0,0,0,0,,0,0,,,,,,,,,,,,,,,,,,,Excess,,,,,,,,6/6/2026,2,0,0,0,0,,unassigned,N,,,,
6/8/2026,X0-0OMJ-XOER,X004MSG6FF,B00VEPKC7Q,Guitar Hero Live - Xbox One,Used,2,0,0,0,0,1,1,0,USD,,,,,Low conversion,179.88,0,0,174.99,Lower price,,0,0,0,410.43,0,0.765625,cubic feet,Oversize,1.53125,US,gl_video_games,20029,,2,,,186,,,,,0,0,0,0,1,10.59,0,0,0,0,1,0,0,0,0,0,0,0,0,0,0,0,0,1,4.52,1,5.28,0,0,,,Excess,,,,,,,,6/6/2026,2,0,0,0,0,,unassigned,N,,,,
6/8/2026,03783-N,X004O7IZYT,B0F6WHTM2F,Replacement Bluetooth WiFi SoundTouch Pedestal for Bose Wave Music System IV Silver,New,2,0,0,2,0,0,0,0,USD,0,0,0,2,Low traffic,368,0,368,0,NoRestockExcessActionRequired,,0,0,0,1676.92,0.67,0.401476,cubic feet,Oversize,0.802952,US,gl_electronics,412191,135,0,,39,368,0,0,0,736,0,0,0,0,0,1.24,4,0,4,0,,0,0,,,,,,,,,,,,,,,,,,3,Low stock,,,,,,,79,6/6/2026,6,0,0,0,0,135,unassigned,N,,,,
6/8/2026,00118-LN,X0050L0OXD,B0FTB63DVY,Replacement Bose Acoustimass Double Cube Speaker (White),Used,6,0,6,0,0,0,0,0,USD,,,,,Low traffic,78,0,0,78,Lower price,,46.68,9,0,149.37,0,0.083333,cubic feet,,0.499998,US,gl_electronics,114874,,0,,,46.68,,,,,0,0,6,0,0,0.36,0,0,0,0,,0,0,,,,,,,,,,,,,,,,,,,,,,,,,,,6/6/2026,6,0,0,0,0,,unassigned,N,,,,
6/8/2026,01357-NF,X004O7IZ8F,B0D6LWQ74M,Replacement Bose AV 130 Control Console for Bose Cinemate 130/ Soundtouch 130,New,5,0,0,2,2,1,0,0,USD,0,1,1,1,Low traffic,386,0,386,276.88,NoRestockExcessActionRequired,,0,0,0,1696.13,0.12,0.638767,cubic feet,Oversize,3.193835,US,gl_electronics,103343,112,5,20,65,386,0,386,386,386,0,0,0,3,0,5.76,0,0,0,0,,0,1,2,0.64,0,0,0,0,1,3.48,0,0,0,0,0,0,0,0,559,3,Excess,,,6/8/2026,Yes,No,168,559,6/6/2026,5,0,0,0,0,112,unassigned,N,,,,
6/8/2026,01357-F,X00508B8R7,B0D6LWQ74M,Replacement Bose AV 130 Control Console for Bose Cinemate 130/ Soundtouch 130,Used,2,0,0,2,0,0,0,0,USD,,,,,Low traffic,276.88,0,386,276.88,Advertise listing,,221.5,9,0,304.48,0.12,0.638767,cubic feet,Oversize,1.277534,US,gl_electronics,103343,44,0,,,386,,,,,0,0,0,0,0,0.66,0,0,0,0,,0,0,,,,,,,,,,,,,,,,,,,,2,6/14/2026,,,,,,6/6/2026,2,0,0,0,0,44,unassigned,N,,,,
6/8/2026,9O-THPJ-FZXT,X004MW3VJP,B0F3QG1GK4,Replacement Bose AV 520 Control Console for Bose Cinemate 520/ Soundtouch 520,Used,1,0,0,0,1,0,0,0,USD,0,0,0,1,Low traffic,286,0,398,286,NoRestockExcessActionRequired,,268,9,0,194.84,0.32,0.718479,cubic feet,Oversize,0.718479,US,gl_electronics,250976,22,0,,13,398,0,0,0,286,0,0,0,1,0,1.45,0,0,0,0,,0,0,0,0,0,0,1,1.08,0,0,0,0,0,0,0,0,0,0,,3,Low stock,6,6/14/2026,,,,,111,6/6/2026,1,0,0,0,0,22,unassigned,N,,,,
6/8/2026,01355-N,X004N7FYO9,B0F3QG1GK4,Replacement Bose AV 520 Control Console for Bose Cinemate 520/ Soundtouch 520,New,6,0,0,0,6,0,0,0,USD,1,2,2,3,Low traffic,398,0,398,286,NoRestockExcessActionRequired,,0,0,0,1998.02,0.32,0.440918,cubic feet,Standard,2.645508,US,gl_electronics,250976,121,6,12,26,398,398,796,796,1194,0,0,0,6,0,5.86,0,0,0,0,,0,0,0,0,0,0,6,3.96,0,0,0,0,0,0,0,0,0,0,360,4,Excess,1,6/14/2026,6/8/2026,Yes,No,233,360,6/6/2026,6,0,0,0,0,121,unassigned,N,,,,
6/8/2026,MY-F73I-ITWM,X004W9BC4T,B0F3Q9RFC6,Replacement Bose Control Console for Bose Lifestyle Soundtouch 535/525/235/135 Series I/II/III,Used,4,0,6,0,0,0,0,0,USD,0,0,0,1,Low traffic,386,0,0,386,Advertise listing,,308.8,9,0,2371.21,0.44,1.120455,cubic feet,Oversize,4.48182,US,gl_electronics,558852,184,0,,52,386,0,0,0,386,4,2,0,0,0,5.75,0,0,0,0,,0,0,,,,,,,,,,,,,,,,,,2,Healthy,,,,,,,285,6/6/2026,8,4,0,0,0,184,unassigned,N,,,,
6/8/2026,amzn.gr.D6-NL91-DTCE-bq65YZcBYJMIabX0-LN,X0051Y1OXX,B0D7KFBH39,Replacement Bose Control Console for Bose Lifestyle V25 V35 135,Used,1,0,1,0,0,0,0,0,USD,,,,,Low traffic,619.2,0,0,258,Lower price,,495.36,9,0,338.64,2,1.500862,cubic feet,Oversize,1.500862,US,gl_electronics,169323,22,0,,,258,,,,,0,0,1,0,0,0.77,0,0,0,0,,0,0,,,,,,,,,,,,,,,,,,,,1,6/14/2026,,,,,,6/6/2026,1,0,0,0,0,22,unassigned,N,,,,
6/8/2026,149,X004ZURCO9,B0F6VZHW91,Replacement Bose Remote Control 321 GSX III II,Used,1,0,1,0,0,0,0,0,USD,0,2,2,3,Low traffic,118,0,0,118,CreateShippingPlan,,94.4,9,0,15.82,1.71,0.020833,cubic feet,Standard,0.020833,US,gl_electronics,283377,,0,2,4,118,0,236,236,354,0,0,1,0,0,0.02,0,0,0,0,,0,0,,,,,,,,,,,,,,,,,69.3,,,,,6/8/2026,Yes,No,36,69.3,6/6/2026,1,0,0,0,0,,unassigned,N,,,,
6/8/2026,NV-E7S6-TME8,X004WRCHY5,B0F8KCZY2K,Replacement Bose Single Cube Speaker (White) for Bose Lifestyle Acoustimass Home Theater Speaker System,New,8,0,8,0,0,0,0,0,USD,0,2,2,2,Low traffic,83,0,83,38,Advertise listing,,0,0,0,330.87,0.4,0.03125,cubic feet,Standard,0.25,US,gl_electronics,338866,136,0,16,52,83,0,166,166,166,0,8,0,0,0,0.18,0,0,0,0,,0,0,,,,,,,,,,,,,,,,,132.5,3,Healthy,,,6/8/2026,Yes,No,132.5,122.7,6/6/2026,8,0,0,0,0,136,unassigned,N,,,,
6/8/2026,ZU-2VE4-E3YF,X004WO87Q5,B0F8GQNNTT,Replacement Bose Single Cube Speaker for Bose Lifestyle Acoustimass Home Theater Speaker System,New,2,0,2,0,0,0,0,0,USD,0,8,13,14,Low traffic,83,0,83,46.07,CreateShippingPlan,,0,0,0,0,3.29,0.03125,cubic feet,Standard,0.0625,US,gl_electronics,185087,3,0,1,1,83,0,664,1079,1162,0,2,0,0,0,0.02,0,0,0,0,,0,0,,,,,,,,,,,,,,,,,20.9,11,Low stock,17,6/13/2026,6/8/2026,Yes,No,19.1,20.9,6/6/2026,2,0,0,0,0,3,unassigned,N,,,,
6/8/2026,BP-4ZFL-OIIN,X004FCE7HH,B0D7KGQSXL,Replacement Control Console AV20 Unit for Lifestyle T20 T10 System,Used,1,0,2,0,1,0,0,0,USD,0,0,0,1,Low traffic,218,0,0,218,NoRestockExcessActionRequired,,174.4,9,0,578.87,0.57,0.875,cubic feet,Standard,0.875,US,gl_home_entertainment,,,3,,13,218,0,0,0,218,2,0,0,1,0,3.19,0,0,0,0,,0,0,0,0,0,0,1,1.31,0,0,0,0,0,0,0,0,0,0,,,Excess,,,,,,,118,6/6/2026,3,2,0,0,0,,unassigned,N,,,,
6/8/2026,05057-N-F,X0051OUN21,B0FZMFQLKD,"Replacement Remote Control for Bose Cinemate Soundtouch 120, 130, and 520 Systems",New,4,0,4,0,0,0,0,0,USD,0,0,1,1,Low traffic,98,0,98,91.27,Advertise listing,,0,0,0,859.96,0.2,0.020833,cubic feet,Standard,0.083332,US,gl_electronics,624841,292,0,,182,98,0,0,98,98,0,0,4,0,0,0.26,10,0,10,0,,0,0,,,,,,,,,,,,,,,,,160,3,Healthy,,,6/8/2026,Yes,No,133,160,6/6/2026,14,0,0,0,0,292,unassigned,N,,,,
6/8/2026,MP-T481-GF4C,X003B5E1UH,B00CD1PTF0,Bose Companion 2 Series III Multimedia Speakers - for PC (with 3.5mm AUX & PC Input) Black,,0,0,8,0,0,0,0,0,USD,0,21,41,54,,0,0,0,186,CreateShippingPlan,,,0,0,,3.77,0.457022,cubic feet,Oversize,0,US,gl_electronics,,,0,0,0,158,0,3318,6550,8708,8,0,0,0,0,,0,0,0,0,,8,2,,,,,,,,,,,,,,,,,14.8,,,,,6/8/2026,Yes,No,9.1,14.8,6/6/2026,0,0,0,8,0,,unassigned,N,,,,
6/8/2026,JG-LHIT-0ADH,X0044F73MV,B0C872MDMR,"USAV 16AWG 20FT Speaker Wire RCA Adapter Plug to Bare Wire for AV Receiver, Speakers Stereo Wire Cord to RCA - Pair",New,29,0,37,0,0,0,0,0,USD,5,11,19,23,Low traffic,27.88,0,27.88,0,NoRestockExcessActionRequired,,0,0,0,0,1.12,0.013889,cubic feet,Standard,0.402781,US,gl_pc,102061,185,0,10,16,27.88,139.4,306.68,529.72,641.24,30,7,0,0,0,0.35,0,0,0,0,,0,0,,,,,,,,,,,,,,,,,85.8,11,Healthy,,,6/8/2026,Yes,No,85.8,75.6,6/6/2026,37,8,0,0,0,185,unassigned,N,,,,
6/8/2026,5U-TN1A-Q7PR,X004A0205P,B0C7B348MY,"USAV Bose Wave Music System II III IV AWRCC1, AWRCC2 - OEM Bluetooth Adapter Only",New,12,0,20,14,0,0,0,0,USD,2,12,21,33,Low traffic,27.88,0,27.88,0,CreateShippingPlan,,0,0,0,0,0.91,0.014768,cubic feet,Standard,0.177216,US,gl_wireless,138528,94,0,4,4,27.88,55.76,334.56,585.48,920.04,20,0,0,0,0,0.38,0,0,0,0,,1,1,,,,,,,,,,,,,,,,,89.6,20,Healthy,,,6/8/2026,Yes,No,53,89.6,6/6/2026,32,20,0,1,0,98,unassigned,N,,,,
6/8/2026,amzn.gr.Q7-QWV1-34DN-tT0U-qpUrch5h1Nm-LN,X0050D8QX1,B0C7FJZC73,USAV OEM Bluetooth Adapter for Bose Lifestyle | Bose 321,Used,1,0,0,1,0,0,0,0,USD,,,,,Low traffic,25.09,0,27.88,25.09,Advertise listing,,0,0,0,0,1.21,0.011724,cubic feet,Standard,0.011724,US,gl_electronics,53061,1,0,,,27.88,,,,,0,0,0,0,0,0,0,0,0,0,,0,0,,,,,,,,,,,,,,,,,,,,66,6/14/2026,,,,,,6/6/2026,1,0,0,0,0,1,unassigned,N,,,,
6/8/2026,8K-PJTL-U9GG,X002MLY7R3,B00007AJ8B,Bose 151 Indoor/Outdoor Speaker Pair (White),Used,0,0,4,0,0,0,0,0,USD,0,0,1,2,Low traffic,238,0,0,238,CreateShippingPlan,,218,9,0,482.69,0.46,0.6845,cubic feet,Standard,0,US,gl_electronics,414360,,0,,0,238,0,0,238,476,0,0,4,0,0,1.47,0,0,0,0,,1,0,,,,,,,,,,,,,,,,,,,,,,,,,,169,6/6/2026,3,3,0,1,0,,unassigned,N,,,,
6/8/2026,CZ-G5NU-3JFT,X00466I2SH,B0C7FJZC73,USAV OEM Bluetooth Adapter for Bose Lifestyle | Bose 321,New,44,0,44,0,0,0,0,0,USD,7,25,45,65,Low traffic,27.88,0,27.88,25.09,CreateShippingPlan,,0,0,0,0,1.21,0.011724,cubic feet,Standard,0.515856,US,gl_electronics,53061,62,0,7,8,27.88,195.16,697,1254.6,1812.2,1,43,0,0,0,0.39,0,0,0,0,,0,0,,,,,,,,,,,,,,,,,71.5,43,Healthy,23,6/14/2026,6/8/2026,Yes,No,69.8,71.5,6/6/2026,44,0,0,0,0,62,unassigned,N,,,,
6/8/2026,00874-N,X004ULJ93Z,B08D68QLW3,"Bose Smart Soundbar 300, Bluetooth Wireless Sound Bar for TV with Built-in Microphone and Alexa Voice Control, Black",,0,0,1,0,0,0,0,0,USD,1,1,1,1,Low traffic,0,0,0,456,CreateShippingPlan,,,0,0,,1.33,0.926798,cubic feet,Oversize,0,US,gl_electronics,107206,,0,0,0,389.75,456,456,456,456,0,1,0,0,0,,0,0,0,0,,1,0,,,,,,,,,,,,,,,,,54,,,,,6/8/2026,Yes,No,34,54,6/6/2026,0,0,0,1,0,,unassigned,N,,,,
6/8/2026,amzn.gr.Q7-QWV1-34DN-4aHz4cD-550XEB0E-LN,X0053I02W1,B0C7FJZC73,USAV OEM Bluetooth Adapter for Bose Lifestyle | Bose 321,Used,1,0,1,0,0,0,0,0,USD,,,,,Low traffic,25.09,0,27.88,25.09,Advertise listing,,0,0,0,0,1.21,0.011724,cubic feet,Standard,0.011724,US,gl_electronics,53061,1,0,,,27.88,,,,,0,1,0,0,0,0,0,0,0,0,,0,0,,,,,,,,,,,,,,,,,,,,66,6/14/2026,,,,,,6/6/2026,1,0,0,0,0,1,unassigned,N,,,,
6/8/2026,amzn.gr.Q7-QWV1-34DN-3umgIXUk5m8F-9S1-LN,X00519P4O3,B0C7FJZC73,USAV OEM Bluetooth Adapter for Bose Lifestyle | Bose 321,Used,1,0,1,0,0,0,0,0,USD,,,,,Low traffic,25.09,0,27.88,25.09,Advertise listing,,0,0,0,0,1.21,0.011724,cubic feet,Standard,0.011724,US,gl_electronics,53061,1,0,,,27.88,,,,,0,0,1,0,0,0,0,0,0,0,,0,0,,,,,,,,,,,,,,,,,,,,66,6/14/2026,,,,,,6/6/2026,1,0,0,0,0,1,unassigned,N,,,,
6/8/2026,amzn.gr.CZ-G5NU-3JFT-MQOCeEp_5sifbert-LN,X0050KQFIH,B0C7FJZC73,USAV OEM Bluetooth Adapter for Bose Lifestyle | Bose 321,Used,1,0,0,1,0,0,0,0,USD,,,,,Low traffic,25.09,0,27.88,25.09,Advertise listing,,0,0,0,0,1.21,0.011724,cubic feet,,0.011724,US,gl_electronics,53061,1,0,,,27.88,,,,,0,0,0,0,0,0,0,0,0,0,,0,0,,,,,,,,,,,,,,,,,,,,66,6/14/2026,,,,,,6/6/2026,1,0,0,0,0,1,unassigned,N,,,,
6/8/2026,amzn.gr.Q7-QWV1-34DN-yrL8NgKs3lbVUtXh-LN,X00506QDFL,B0C7FJZC73,USAV OEM Bluetooth Adapter for Bose Lifestyle | Bose 321,Used,3,0,1,2,0,0,0,0,USD,,,,,Low traffic,25.09,0,27.88,25.09,Advertise listing,,0,0,0,0,1.21,0.011724,cubic feet,Standard,0.035172,US,gl_electronics,53061,3,0,,,27.88,,,,,0,0,1,0,0,0.01,0,0,0,0,,0,0,,,,,,,,,,,,,,,,,,,,64,6/13/2026,,,,,,6/6/2026,3,0,0,0,0,3,unassigned,N,,,,
6/8/2026,AH-GZU6-NKEM,X00444UQJT,B0C79P9K65,"USAV OEM Bluetooth Adapter for Bose Wave Music System II III IV AWRCC1, AWRCC2",New,190,0,124,78,0,0,0,0,USD,22,69,152,246,,27.88,0,27.88,0,CreateShippingPlan,,0,0,0,0,0.7,0.032368,cubic feet,Standard,6.14992,US,gl_electronics,11834,29,0,11,10,27.88,613.36,1923.72,4237.76,6858.48,1,2,121,0,0,3.31,0,0,0,0,,3,4,,,,,,,,,,,,,,,,,119.5,93,Healthy,223,6/15/2026,6/8/2026,Yes,No,115.1,119.5,6/6/2026,190,0,1,2,0,30,unassigned,N,,,,
6/8/2026,NA-SZ9C-0XMT,X00512G511,B0C79P9K65,"USAV OEM Bluetooth Adapter for Bose Wave Music System II III IV AWRCC1, AWRCC2",New,196,0,204,0,0,0,0,0,USD,30,85,145,150,,27.88,0,27.88,0,NoRestockExcessActionRequired,,0,0,0,0,0.7,0.013822,cubic feet,Standard,2.709112,US,gl_electronics,11834,30,0,9,16,27.88,836.4,2369.8,4042.6,4182,0,18,186,0,0,1.51,0,0,0,0,,4,3,,,,,,,,,,,,,,,,,148.7,56,Healthy,216,6/15/2026,6/8/2026,No,No,94.7,148.7,6/6/2026,198,2,3,1,0,30,unassigned,N,,,,
6/8/2026,90-VMBR-JS2E,X003REVJ3T,B002KY2OU8,Bose® CineMate® Series II Digital Home Theater Speaker System,Used,0,0,1,0,0,0,0,0,USD,1,1,4,7,,349.88,0,0,349.88,CreateShippingPlan,,279.9,9,0,775.51,4.57,3.685,cubic feet,Oversize,0,US,gl_electronics,190123,,0,4,1,349.88,349.88,349.88,1399.52,2449.16,1,0,0,0,0,2.63,1,0,1,0,,1,1,,,,,,,,,,,,,,,,,13,,,,,6/8/2026,Yes,No,13,12.7,6/6/2026,1,0,0,1,0,,unassigned,N,,,,
6/8/2026,NV-6VNP-5YFT,X004NN93RH,B0C79P9K65,"USAV OEM Bluetooth Adapter for Bose Wave Music System II III IV AWRCC1, AWRCC2",New,246,0,144,112,0,0,0,0,USD,14,64,119,204,,27.88,0,27.88,0,NoRestockExcessActionRequired,,0,0,0,0,0.7,0.016846,cubic feet,Standard,4.144116,US,gl_electronics,11834,37,0,15,15,27.88,390.32,1784.32,3317.72,5687.52,1,0,143,0,0,2.62,0,0,0,0,,4,2,,,,,,,,,,,,,,,,,149.8,76,Healthy,164,6/15/2026,6/8/2026,Yes,No,145,149.8,6/6/2026,249,3,1,3,0,37,unassigned,N,,,,
6/8/2026,89-USBJ-XMBY,X0044NYRTZ,B0C7B2RPM4,"USAV OEM Bluetooth Adapter for Bose Wave Radio CD IV III II AWRCC1, AWRCC2",New,18,0,30,0,5,0,0,0,USD,0,3,7,10,Low traffic,27.88,0,27.88,0,NoRestockExcessActionRequired,,0,0,0,187.06,0.57,0.028454,cubic feet,Standard,0.512172,US,gl_electronics,232058,334,30,24,23,27.88,0,83.64,195.16,278.8,30,0,0,5,0,0.96,0,0,0,0,,0,0,5,0.06,0,0,0,0,0,0,0,0,0,0,0,0,0,0,128.7,7,Excess,,,6/8/2026,Yes,No,128.7,113.7,6/6/2026,35,17,0,0,0,334,unassigned,N,,,,
6/8/2026,XQ-FIIT-24XA,X0044C3SWD,B0C7FKCYK2,USAV OEM Bluetooth Adapter for Bose Wave Radio CD Player AWRC-1G AWRC-1P,New,32,0,31,6,0,0,0,0,USD,8,18,40,65,Low traffic,27.88,0,27.88,0,CreateShippingPlan,,0,0,0,0,1.35,0.033091,cubic feet,Standard,1.058912,US,gl_wireless,,47,0,7,6,27.88,223.04,501.84,1115.2,1812.2,30,0,1,0,0,0.73,0,0,0,0,,2,2,,,,,,,,,,,,,,,,,77.3,33,Low stock,17,6/15/2026,6/8/2026,Yes,No,77.3,68,6/6/2026,32,0,0,2,0,50,unassigned,N,,,,
6/8/2026,F3-OVG8-05XK,X004NNC1C1,B0BDTJNQ86,USAV Set of 5 Speaker Cable for Bose Lifestyle Acoustimass System - RCA to Bare Wire,New,12,0,10,5,0,0,0,0,USD,1,11,21,30,Low traffic,59.88,0,59.88,0,CreateShippingPlan,,0,0,0,0,1.25,0.157248,cubic feet,Standard,1.886976,US,gl_wireless,126164,22,0,4,5,59.88,59.88,658.68,1257.48,1796.4,0,10,0,0,0,0.71,0,0,0,0,,0,0,,,,,,,,,,,,,,,,,78.9,10,Healthy,26,6/15/2026,6/8/2026,Yes,No,50.3,78.9,6/6/2026,14,2,0,0,0,22,unassigned,N,,,,
6/8/2026,FJ-YYXV-BKTN,X003ELDZ3R,B0BDTJNQ86,USAV Set of 5 Speaker Cable for Bose Lifestyle Acoustimass System - RCA to Bare Wire,New,5,0,4,0,0,0,0,0,USD,0,10,23,30,Low traffic,59.88,0,59.88,0,CreateShippingPlan,,0,0,0,0,1.25,0.157248,cubic feet,Standard,0.78624,US,gl_wireless,126164,8,0,2,2,59.88,0,598.8,1377.24,1796.4,0,0,4,0,0,0.14,0,0,0,0,,0,0,,,,,,,,,,,,,,,,,57.1,10,Low stock,36,6/15/2026,6/8/2026,Yes,No,25.2,57.1,6/6/2026,5,0,0,0,0,8,unassigned,N,,,,
6/8/2026,K8-2O45-92RM,X002YKEMDL,B08HMCW5JK,USAV Solutions Metal Wall Mount Brackets for Black Bose 151 Speaker - Pair,New,9,0,11,0,0,0,0,0,USD,5,16,28,36,Low traffic,36.88,0,36.88,0,CreateShippingPlan,,0,0,0,0,1.17,0.030287,cubic feet,Standard,0.272583,US,gl_wireless,,17,0,2,3,36.88,184.4,590.08,1032.64,1327.68,11,0,0,0,0,0.1,0,0,0,0,,0,0,,,,,,,,,,,,,,,,,51,12,Low stock,18,6/15/2026,6/8/2026,Yes,No,35.8,51,6/6/2026,9,0,0,0,0,17,unassigned,N,,,,
6/8/2026,PO-BE51-TWC2,X002YKG617,B08HMCW5JK,USAV Solutions Metal Wall Mount Brackets for Black Bose 151 Speaker - Pair,New,13,0,12,3,0,0,0,0,USD,0,5,7,10,Low traffic,36.88,0,36.88,0,NoRestockExcessActionRequired,,0,0,0,0,1.17,0.030287,cubic feet,Standard,0.393731,US,gl_wireless,,29,0,10,16,36.88,0,184.4,258.16,368.8,1,1,10,0,0,0.23,0,0,0,0,,0,0,,,,,,,,,,,,,,,,,156.1,3,Healthy,12,6/15/2026,6/8/2026,Yes,No,93.3,156.1,6/6/2026,15,2,0,0,0,29,unassigned,N,,,,
6/8/2026,05026-F,X004WM85UF,B0FGKN3BWP,"USAV Solutions Replacement Jewel Cube II Center Channel Speaker, White, Compact Design, High-Performance Audio, Wired Connectivity, for Home Theater System",New,2,0,2,0,0,0,0,0,USD,2,3,4,5,Low traffic,116,0,116,0,CreateShippingPlan,,0,0,0,143.6,1.43,0.097222,cubic feet,Standard,0.194444,US,gl_electronics,93655,47,0,2,5,116,232,348,464,580,0,0,2,0,0,0.14,0,0,0,0,,0,0,,,,,,,,,,,,,,,,,83.5,3,Low stock,2,6/13/2026,6/8/2026,Yes,No,68,83.5,6/6/2026,2,0,0,0,0,47,unassigned,N,,,,
6/8/2026,1726,X004WD730H,B0FP4D8QMZ,"USAV Solutions Replacement Mounting Bracket for Bose 151 SE and 161 Speakers, Black, Plastic Wall Mount, Single Bracket with Mounting Hardware",Used,9,0,9,0,0,0,0,0,USD,0,1,1,1,Low traffic,37.88,0,42.88,37.88,Advertise listing,,0,0,0,0,1,0.074074,cubic feet,Standard,0.666666,US,gl_electronics,,81,0,36,117,42.88,0,37.88,37.88,37.88,0,9,0,0,0,0.4,0,0,0,0,,0,0,,,,,,,,,,,,,,,,,379,1,Healthy,4,6/13/2026,6/8/2026,Yes,No,279,379,6/6/2026,9,0,0,0,0,81,unassigned,N,,,,
6/8/2026,01726-N,X0051SP5D9,B0FP4D8QMZ,"USAV Solutions Replacement Mounting Bracket for Bose 151 SE and 161 Speakers, Black, Plastic Wall Mount, Single Bracket with Mounting Hardware",New,4,0,4,0,0,0,0,0,USD,1,4,8,8,Low traffic,42.88,0,42.88,37.88,CreateShippingPlan,,0,0,0,0,1,0.074074,cubic feet,Standard,0.296296,US,gl_electronics,,39,0,4,6,42.88,42.88,171.52,343.04,343.04,4,0,0,0,0,0.07,0,0,0,0,,0,0,,,,,,,,,,,,,,,,,33.8,8,Low stock,9,6/13/2026,6/8/2026,Yes,No,33.8,27.2,6/6/2026,4,0,0,0,0,39,unassigned,N,,,,
6/8/2026,N1-AL9Z-X8ZY,X004OHNTTP,B001G8YV6Y,Xbox 360 Guitar Hero World Tour - Stand Alone Drums,,0,0,0,0,0,1,0,0,USD,,,,,,0,0,0,0,GoToStranded,,,0,0,,0,4.655,cubic feet,Oversize,0,US,gl_video_games,87425,,0,,,686,,,,,0,0,0,1,0,,0,0,0,0,1,1,0,0,0,0,0,0,0,0,0,1,26.53,0,0,0,0,0,0,,,,,,,,,,,6/6/2026,0,0,1,0,0,,unassigned,N,,,,
6/8/2026,LY-OMG0-NHB0,X0053ING2T,B0GYTF4LH1,USAV Solutions Replacement Mounting Bracket for Bose 151 SE or 161 Speaker - White - Single,Used,8,0,9,0,0,0,0,0,USD,0,1,1,1,Low traffic,37.88,0,0,37.88,Advertise listing,,0,0,0,136.24,0.11,0.074074,cubic feet,Standard,0.592592,US,gl_electronics,,,0,32,104,37.88,0,37.88,37.88,37.88,0,9,0,0,0,0.42,0,0,0,0,,1,0,,,,,,,,,,,,,,,,,329,,,,,6/8/2026,Yes,No,279,329,6/6/2026,8,0,1,0,0,,unassigned,N,,,,
6/8/2026,TK-KCDT-JPMG,X003V7T9U7,B0C8RMX2DZ,USAV Solutions Set of 5 Speaker Cable for Bose Lifestyle Acoustimass System - RCA to Bare Wire - White,New,3,0,14,3,0,0,0,0,USD,1,4,10,16,Low traffic,59.88,0,59.88,0,CreateShippingPlan,,0,0,0,0,1.05,0.148148,cubic feet,Standard,0.444444,US,gl_home_entertainment,147197,116,0,3,2,59.88,59.88,239.52,598.8,958.08,12,1,1,0,0,1.41,0,0,0,0,,2,0,,,,,,,,,,,,,,,,,160.5,7,Healthy,,,6/8/2026,Yes,No,160.5,97.6,6/6/2026,15,12,1,1,0,132,unassigned,N,,,,
6/8/2026,00957-W,X0050L278X,B0GP2TZP46,USAV Solutions wall Mount Bracket Bose WB-50 Series II Slideconnect - White,New,18,0,18,0,0,0,0,0,USD,0,2,2,6,Low traffic,34.88,0,34.88,0,NoRestockExcessActionRequired,,0,0,0,563.7,0.59,0.081019,cubic feet,,1.458342,US,gl_electronics,,156,0,36,39,34.88,0,69.76,69.76,209.28,0,18,0,0,0,1.04,0,0,0,0,,1,2,,,,,,,,,,,,,,,,,302,5,Healthy,,,6/8/2026,Yes,No,302,182.7,6/6/2026,18,0,1,0,0,164,unassigned,N,,,,
6/8/2026,EE-63NH-0SCY,X003ATFWE3,B0B5FPB9PR,USAV Wall Mount Brackets Black (Pair) for Bose Lifestyle 18/28/38 Satellite Speaker,New,20,0,21,0,0,0,0,0,USD,0,8,14,24,Low traffic,19.88,0,19.88,0,NoRestockExcessActionRequired,,0,0,0,0,0.95,0.035476,cubic feet,Standard,0.70952,US,gl_wireless,,113,0,10,10,19.88,0,159.04,278.32,477.12,0,0,21,0,0,0.49,0,0,0,0,,0,0,,,,,,,,,,,,,,,,,95.1,10,Healthy,,,6/8/2026,Yes,No,89,95.1,6/6/2026,21,1,0,0,0,113,unassigned,N,,,,
6/8/2026,XJ-285I-S0WO,X003ARX1ON,B0B5CHTXD6,USAV Wall Mount Brackets for Black Bose 161 151 SE Speaker - Pair,New,12,0,14,0,0,0,0,0,USD,8,26,36,45,Low traffic,21.88,0,21.88,0,NoRestockExcessActionRequired,,0,0,0,0,1.29,0.022012,cubic feet,Standard,0.264144,US,gl_wireless,,96,0,6,12,21.88,175.04,568.88,787.68,984.6,0,0,14,0,0,0.59,30,0,30,0,,2,0,,,,,,,,,,,,,,,,,68.1,22,Low stock,,,6/8/2026,Yes,No,34.5,68.1,6/6/2026,42,0,0,2,0,101,unassigned,N,,,,
6/8/2026,XO-85M2-PWLI,X00272DHNH,B07RZVRMS8,USAV Wall Mount Brackets for White Bose 151 Speaker - Pair,New,20,0,22,0,0,0,0,0,USD,6,28,45,61,Low traffic,21.88,0,21.88,0,CreateShippingPlan,,0,0,0,0,1.46,0.028205,cubic feet,Standard,0.5641,US,gl_electronics,,30,0,2,4,21.88,131.28,612.64,984.6,1334.68,0,22,0,0,0,0.3,0,0,0,0,,0,0,,,,,,,,,,,,,,,,,59.9,17,Healthy,28,6/14/2026,6/8/2026,Yes,No,40.2,59.9,6/6/2026,22,2,0,0,0,30,unassigned,N,,,,
6/8/2026,amzn.gr.QU-0W1L-CCVB-5RltcKucuVAIGi9B-AC,X0053P1IYF,B0BDTJKS7R,USAV Wall Mount Ceiling Bracket for Bose Jewel Cube Speaker - Pair Black,Used,1,0,1,0,0,0,0,0,USD,,,,,Low traffic,14.62,0,20.88,14.62,Advertise listing,,0,0,0,0,1.81,0.03982,cubic feet,Standard,0.03982,US,gl_wireless,,0,0,,,20.88,,,,,0,1,0,0,0,0.01,0,0,0,0,,0,0,,,,,,,,,,,,,,,,,,,,75,6/15/2026,,,,,,6/6/2026,1,0,0,0,0,0,unassigned,N,,,,
6/8/2026,amzn.gr.QU-0W1L-CCVB--T0pRtnBnXQOya9a-VG,X005412G5X,B0BDTJKS7R,USAV Wall Mount Ceiling Bracket for Bose Jewel Cube Speaker - Pair Black,Used,1,0,1,0,0,0,0,0,USD,,,,,Low traffic,16.7,0,20.88,14.62,Advertise listing,,0,0,0,0,1.81,0.03982,cubic feet,Standard,0.03982,US,gl_wireless,,0,0,,,20.88,,,,,1,0,0,0,0,0.01,0,0,0,0,,0,0,,,,,,,,,,,,,,,,,,,,75,6/15/2026,,,,,,6/6/2026,1,0,0,0,0,0,unassigned,N,,,,
6/8/2026,amzn.gr.D8-JQHT-6OFZ--T0pRtnBnXQOya9a-VG,X00559QXOT,B0BDTJKS7R,USAV Wall Mount Ceiling Bracket for Bose Jewel Cube Speaker - Pair Black,Used,1,0,1,0,0,0,0,0,USD,,,,,Low traffic,16.7,0,20.88,14.62,Advertise listing,,,0,0,,1.81,0.03982,cubic feet,Standard,0.03982,US,gl_wireless,,0,0,,,20.88,,,,,1,0,0,0,0,,0,0,0,0,,0,0,,,,,,,,,,,,,,,,,,,,75,6/15/2026,,,,,,6/6/2026,1,0,0,0,0,0,unassigned,N,,,,
6/8/2026,QU-0W1L-CCVB,X003GTWO9N,B0BDTJKS7R,USAV Wall Mount Ceiling Bracket for Bose Jewel Cube Speaker - Pair Black,New,17,0,45,0,0,0,0,0,USD,3,34,58,85,Low traffic,20.88,0,20.88,14.62,CreateShippingPlan,,0,0,0,0,1.81,0.03982,cubic feet,Standard,0.67694,US,gl_wireless,,87,0,5,7,20.88,62.64,709.92,1211.04,1774.8,34,11,0,0,0,1.95,30,0,30,0,,0,0,,,,,,,,,,,,,,,,,37.1,48,Low stock,,,6/8/2026,Yes,No,21.5,37.1,6/6/2026,77,30,0,0,0,87,unassigned,N,,,,
6/8/2026,1O-XHCK-LBJ7,X0034YQ8W9,B00006I53A,Bose 161 Speaker System (Black) - Ideal for Stereo or Home Theater use,Used,0,0,5,0,0,0,0,0,USD,2,5,9,11,Low traffic,116,0,0,116,CreateShippingPlan,,92.8,9,0,703.71,2.1,0.545569,cubic feet,Standard,0,US,gl_electronics,82222,,0,2,3,116,232,580,1044,1276,0,5,0,0,0,2.34,3,0,3,0,,2,2,,,,,,,,,,,,,,,,,44.6,,,,,6/8/2026,Yes,No,44.6,41.1,6/6/2026,6,3,0,2,0,,unassigned,N,,,,
6/8/2026,77-3QJO-XTVO,X004FCGJD7,B0D7KFBH39,Replacement Bose Control Console for Bose Lifestyle V25 V35 135,Used,0,0,2,0,0,0,0,0,USD,0,1,2,4,Low traffic,258,0,0,258,CreateShippingPlan,,206.4,9,0,213.4,2,0.875,cubic feet,Standard,0,US,gl_electronics,169323,22,0,0,0,258,0,258,516,1032,2,0,0,0,0,0.63,0,0,0,0,,1,0,,,,,,,,,,,,,,,,,15,1,Healthy,1,6/14/2026,6/8/2026,Yes,No,1,15,6/6/2026,1,1,0,1,0,44,unassigned,N,,,,
6/8/2026,M4-LZQE-2J02,X0026FNPFZ,B07S2BN5YC,Wall Mount Brackets Black (Pair) for Bose 321 Satellite Speakers,New,10,0,39,0,0,0,0,0,USD,2,11,29,39,Low traffic,20.88,0,20.88,0,CreateShippingPlan,,0,0,0,0,1.43,0.015951,cubic feet,Standard,0.15951,US,gl_electronics,,88,0,3,3,20.88,41.76,229.68,605.52,814.32,39,0,0,0,0,0.38,0,0,0,0,,1,0,,,,,,,,,,,,,,,,,54.6,23,Healthy,,,6/8/2026,Yes,No,52.2,54.6,6/6/2026,39,29,1,0,0,91,unassigned,N,,,,
6/8/2026,IY-GO3Y-T1CL,X0028BQDHJ,B07SQBGTPN,Wall Mount Brackets Black (Pair) for Bose Cinemate Series II Satellite Speakers,New,48,0,50,0,0,0,0,0,USD,7,18,40,59,Low traffic,20.88,0,20.88,0,NoRestockExcessActionRequired,,0,0,0,0,1.08,0.012278,cubic feet,Standard,0.589344,US,gl_electronics,,79,0,10,10,20.88,146.16,375.84,835.2,1231.92,30,0,20,0,0,0.37,0,0,0,0,,0,0,,,,,,,,,,,,,,,,,74.8,17,Healthy,3,6/15/2026,6/8/2026,Yes,No,74.8,71.2,6/6/2026,50,2,0,0,0,79,unassigned,N,,,,
6/8/2026,ZL-ULP2-KB4O,X004MECMCZ,B0016HF8DA,Wii Rock Band Wireless Guitar,Used,1,0,0,0,0,0,1,0,USD,,,,,Low traffic,168,0,0,168,Create removal order,,0,0,0,365.48,0,1.421875,cubic feet,Oversize,1.421875,US,gl_video_games,49964,,1,,,43,,,,,0,0,0,0,0,10.54,0,0,0,0,,0,0,0,0,0,0,0,0,0,0,0,0,0,0,1,9.81,0,0,,,Excess,,,,,,,,6/6/2026,1,0,0,0,0,,unassigned,N,,,,
6/8/2026,IJ-MXX9-OOF2,X0048785DL,B07F39ZKK9,"Bose Surround Sound System for Home Theater, Black",,0,0,1,0,0,0,0,0,USD,0,2,2,2,,0,0,0,0,CreateShippingPlan,,,0,0,,2,0.405253,cubic feet,Standard,0,US,gl_electronics,,,0,0,0,399,0,676,676,676,0,1,0,0,0,,0,0,0,0,,0,0,,,,,,,,,,,,,,,,,29.5,,,,,6/8/2026,Yes,No,23.5,29.5,6/6/2026,0,0,0,0,0,,unassigned,N,,,,
6/8/2026,01900-N,X004UQ7XL5,B0F6WHQJNX,Replacement Bluetooth WiFi SoundTouch Pedestal for Bose Wave Music System IV Espresso Black,New,0,0,2,0,0,0,0,0,USD,1,2,6,9,Low traffic,368,0,368,194.88,CreateShippingPlan,,0,0,0,0,1.9,0.494787,cubic feet,Standard,0,US,gl_electronics,193272,56,0,8,5,368,368,736,2208,3312,0,2,0,0,0,1.45,4,0,4,0,,1,1,,,,,,,,,,,,,,,,,55,3,Out of stock,,,6/8/2026,Yes,No,55,33.6,6/6/2026,4,0,0,1,0,67,unassigned,N,,,,
6/8/2026,X8-YNPF-3DU7,X004MW1UIT,B001ABLHJG,Xbox 360 Guitar Hero World Tour Guitar Kit,Used,1,0,0,0,0,0,1,0,USD,,,,,Low traffic,178.88,0,307.71,178.88,Create removal order,,0,0,0,134.74,0,0.478432,cubic feet,Oversize,0.478432,US,gl_video_games,,,1,,,299.99,,,,,0,0,0,0,0,3.55,0,0,0,0,,0,0,0,0,0,0,0,0,0,0,0,0,0,0,1,3.3,0,0,,,Excess,,,,,,,,6/6/2026,1,0,0,0,0,,unassigned,N,,,,
