item_id,platform,item_name,date,quantity,source_file,inventory_db_sku,inventory_db_sku_match_method,order_rows,inventory_db_sku_primary
00028-1,['amazon'],['Bose SoundDock Remote - Gray'],"['Apr 1, 2026 6:19:31 AM PDT', 'Apr 1, 2026 8:32:54 AM PDT', 'Apr 2, 2026 2:14:21 AM PDT', 'Apr 4, 2026 12:09:11 PM PDT', 'Apr 5, 2026 7:28:43 AM PDT', 'Apr 5, 2026 8:47:10 PM PDT', 'Apr 6, 2026 10:54:51 AM PDT', 'Apr 18, 2026 10:57:36 PM PDT', 'Apr 19, 2026 12:09:47 PM PDT', 'Apr 20, 2026 1:49:48 PM PDT', 'Apr 21, 2026 3:41:20 AM PDT', 'Apr 21, 2026 11:17:08 AM PDT', 'Apr 22, 2026 1:43:36 PM PDT', 'Apr 23, 2026 7:12:46 AM PDT', 'Apr 23, 2026 12:43:45 PM PDT', 'Apr 25, 2026 2:02:15 AM PDT', 'Apr 25, 2026 2:20:55 AM PDT', 'Apr 25, 2026 6:41:21 AM PDT', 'Apr 26, 2026 6:15:43 PM PDT', 'Apr 26, 2026 6:16:53 PM PDT', 'Apr 27, 2026 10:12:47 PM PDT', 'Apr 30, 2026 2:41:03 PM PDT', 'May 1, 2026 7:18:45 AM PDT']",23.0,['transaction_us_amazon.csv'],['00832'],['item_id'],23,00832
00093,['ecwid'],['Bose (40390) SL2 wireless surround link'],['5/12/2026 17:47'],1.0,['transaction_ecwid.csv'],['00024'],['item_id'],1,00024
00182,['ecwid'],['Bose SoundDock Series I Type A Sound Processor Board Part'],['5/14/2026 15:54'],1.0,['transaction_ecwid.csv'],['00262-P-1'],['item_id'],1,00262-P-1
00957-W,['amazon'],['USAV Solutions wall Mount Bracket Bose WB-50 Series II Slideconnect - White'],"['Apr 2, 2026 2:43:48 PM PDT']",2.0,['transaction_us_amazon.csv'],['00286-P-1-WH'],['item_id'],1,00286-P-1-WH
00958-MB,['amazon'],['Bose Wave® Music System III - Limited-Edition Blue'],"['Apr 24, 2026 12:11:17 AM PDT', 'Apr 27, 2026 3:40:01 AM PDT', 'Apr 27, 2026 3:41:18 AM PDT', 'Apr 27, 2026 3:41:21 AM PDT', 'Apr 27, 2026 3:41:22 AM PDT', 'Apr 27, 2026 3:41:32 AM PDT', 'Apr 27, 2026 3:41:46 AM PDT', 'Apr 27, 2026 3:41:53 AM PDT', 'Apr 27, 2026 3:42:08 AM PDT', 'Apr 27, 2026 3:43:58 AM PDT', 'Apr 27, 2026 3:44:12 AM PDT', 'Apr 28, 2026 1:02:08 AM PDT']",13.0,['transaction_us_amazon.csv'],['00066-BL'],['item_id'],13,00066-BL
00999-W,['amazon'],"['Bose 151 SE Environmental Speakers, Elegant Outdoor Speakers - White']","['Apr 28, 2026 1:01:46 AM PDT', 'May 1, 2026 11:06:22 AM PDT', 'May 4, 2026 9:53:37 AM PDT']",3.0,['transaction_us_amazon.csv'],['00606-WY'],['item_id'],3,00606-WY
01029,['ecwid'],['Replacement CD drive for Bose Music Wave System 269866-01'],"['5/19/2026 18:54', '5/17/2026 9:51', '5/16/2026 12:36', '5/14/2026 19:17', '5/11/2026 12:43']",5.0,['transaction_ecwid.csv'],['00031-P-14'],['item_id'],5,00031-P-14
01068,['ecwid'],['Original Power Supply PSM36W-201 for Bose SoundDock I +/- 18 V Series I AC Adapt'],['5/11/2026 16:06'],1.0,['transaction_ecwid.csv'],['00099-P-2-BK'],['item_id'],1,00099-P-2-BK
01206,['ecwid'],['FM antenna for Bose Wave System'],['5/17/2026 15:33'],1.0,['transaction_ecwid.csv'],['00041-P-1'],['item_id'],1,00041-P-1
01268,['ecwid'],['Bose wave connect kit for Bose wave music system'],['5/15/2026 7:52'],1.0,['transaction_ecwid.csv'],['00031-P-21'],['item_id'],1,00031-P-21
01658,['ecwid'],"['Bose 301 Series IV (Pair, genuine walnut)']",['5/13/2026 15:11'],1.0,['transaction_ecwid.csv'],['00748-BR'],['item_id'],1,00748-BR
01775,['ecwid'],['Bose CineMate 520 Home Theater Sound System'],['5/16/2026 16:06'],1.0,['transaction_ecwid.csv'],['00083'],['item_id'],1,00083
04816-1,['ecwid'],['Bose 161 Speaker - Replacement Speaker Driver'],['5/11/2026 15:30'],1.0,['transaction_ecwid.csv'],['00168-P-2'],['item_id'],1,00168-P-2
154078205809,['ebay_mekong'],['Plastic wall mount bracket for Bose 151 SE Speaker - Black -Pair'],"['May 20, 2026', 'May 2, 2026']",2.0,['Transaction_mekong_May-20-2026.csv'],['00007-P-3-BK'],['item_id'],2,00007-P-3-BK
154294895443,['ebay_mekong'],['Plastic wall mount bracket for Bose 161   Speaker - WHITE -Pair'],"['May 12, 2026']",1.0,['Transaction_mekong_May-20-2026.csv'],['00168-P-1-WH'],['item_id'],1,00168-P-1-WH
154337853434,['ebay_mekong'],['Steel  Wall Mount brackets For   Bose Video RoomMate speaker - PAIR'],"['Apr 23, 2026']",1.0,['Transaction_mekong_May-20-2026.csv'],['00381-P-1-SV'],['item_id'],1,00381-P-1-SV
154379309851,['ebay_mekong'],['Plastic wall mount bracket for Bose 151SE  161   Speaker - Black -Pair'],"['May 1, 2026', 'Apr 23, 2026', 'Apr 10, 2026']",3.0,['Transaction_mekong_May-20-2026.csv'],['00007-P-3-BK'],['item_id'],3,00007-P-3-BK
154394737975,['ebay_mekong'],['Set of 8 Wall Mount brackets For Bose Lifestyle Satellite speaker - Black'],"['Apr 1, 2026']",1.0,['Transaction_mekong_May-20-2026.csv'],['00088-P-4-BK'],['item_id'],1,00088-P-4-BK
154407279323,['ebay_mekong'],"['Bose 321 Home theater system, 3-2-1 series II Media center only.  - B Grade']","['Apr 12, 2026']",1.0,['Transaction_mekong_May-20-2026.csv'],['00014-P-1-U'],['item_id'],1,00014-P-1-U
154460956084,['ebay_mekong'],['Pair of wall-mount bracket for Harman Kardon HKTS 7 / 11 satellite  speaker'],"['Apr 19, 2026', 'Apr 15, 2026']",2.0,['Transaction_mekong_May-20-2026.csv'],['00335-P-1'],['item_id'],2,00335-P-1
154530956508,['ebay_mekong'],['Wall Mount brackets For White Bose 151 speaker - Pair'],"['May 4, 2026', 'Apr 28, 2026', 'Apr 21, 2026', 'Apr 20, 2026', 'Apr 14, 2026', 'Apr 12, 2026', 'Apr 9, 2026']",12.0,['Transaction_mekong_May-20-2026.csv'],['00005-P-1-WH'],['item_id'],10,00005-P-1-WH
154530967950,['ebay_mekong'],['Wall Mount Brackets (Pair) for Bose 321 GS Series speakers'],"['May 15, 2026', 'May 11, 2026', 'Apr 5, 2026']",3.0,['Transaction_mekong_May-20-2026.csv'],['00216-P-1'],['item_id'],3,00216-P-1
154530969197,['ebay_mekong'],['Wall Mount Ceiling Bracket for Bose Jewel Double Cube Speaker - Pair - White'],"['May 19, 2026']",1.0,['Transaction_mekong_May-20-2026.csv'],['00129-P-7-WH'],['item_id'],1,00129-P-7-WH
154531856515,['ebay_mekong'],['Wall Mount Ceiling Bracket for Bose Lifestyle Cube Speaker - Pair - White'],"['Apr 21, 2026']",1.0,['Transaction_mekong_May-20-2026.csv'],['00049-P-8-WH'],['item_id'],1,00049-P-8-WH
154531882661,['ebay_mekong'],['Metal Wall mount bracket for Bose 321 or Cinemate Speakers- Single'],"['May 17, 2026', 'Apr 16, 2026']",3.0,['Transaction_mekong_May-20-2026.csv'],['00141-P-5-BK'],['item_id'],2,00141-P-5-BK
154537045601,['ebay_mekong'],['HDMI Output Upgrade Kit For Bose 321 Series II III or Bose 321 Series I'],"['Apr 24, 2026']",1.0,['Transaction_mekong_May-20-2026.csv'],['00046-P-16'],['item_id'],1,00046-P-16
154560006729,['ebay_mekong'],['Wall Mount Ceiling Bracket for VIZIO V-Series surround Speaker - Pair - Black'],"['Apr 24, 2026']",1.0,['Transaction_mekong_May-20-2026.csv'],['00391-P-1-BK'],['item_id'],1,00391-P-1-BK
154641169552,['ebay_mekong'],['Plastic wall mount bracket for Bose Acoustimass AM-5  Speaker - Black -Pair'],"['May 16, 2026', 'May 13, 2026', 'May 8, 2026', 'Apr 20, 2026']",5.0,['Transaction_mekong_May-20-2026.csv'],['00158-P-1-BK'],['item_id'],4,00158-P-1-BK
154802646713,['ebay_mekong'],['wall mount bracket for Bose 161 Speaker - Black -Pair-FREE 3 DAYS SHIPPING'],"['Apr 8, 2026', 'Apr 6, 2026']",2.0,['Transaction_mekong_May-20-2026.csv'],['00168-P-1-BK'],['item_id'],2,00168-P-1-BK
155364599364,['ebay_mekong'],['Pair of wall-mount bracket for Harman Kardon  satellite  speaker HKTS 18'],"['Apr 8, 2026']",1.0,['Transaction_mekong_May-20-2026.csv'],['00309-P-2'],['item_id'],1,00309-P-2
155516128061,['ebay_mekong'],['Genuine BOSE Universal remote control for CineMate® 15 home theater System'],"['May 19, 2026']",1.0,['Transaction_mekong_May-20-2026.csv'],['00080-P-1'],['item_id'],1,00080-P-1
155600344332,['ebay_mekong'],['Bose SoundDock Portable 30-Pin iPod/iPhone Speaker Dock1'],"['May 20, 2026']",1.0,['Transaction_mekong_May-20-2026.csv'],['00029'],['item_id'],1,00029
155737995965,['ebay_mekong'],['USAV Bluetooth Adapter for Bose Acoustic Wave Music System II | CD-3000'],"['May 2, 2026', 'Apr 20, 2026', 'Apr 17, 2026']",3.0,['Transaction_mekong_May-20-2026.csv'],['00149'],['item_id'],3,00149
155754789772,['ebay_mekong'],['Bose 5.1 Home Entertainment Speaker System - Acoustimass 6 Series III (Black)'],"['Apr 10, 2026']",1.0,['Transaction_mekong_May-20-2026.csv'],['00220-BK'],['item_id'],1,00220-BK
155770624039,['ebay_mekong'],['Bose  Premium Backlit Remote control for Bose wave music system  IV III II'],"['Apr 3, 2026']",1.0,['Transaction_mekong_May-20-2026.csv'],['00031-P-5'],['item_id'],1,00031-P-5
156046303221,['ebay_mekong'],['USAV Bluetooth Adapter for Bose 321 Series I II III System'],"['May 8, 2026', 'May 7, 2026', 'Apr 19, 2026', 'Apr 14, 2026']",4.0,['Transaction_mekong_May-20-2026.csv'],['00149'],['item_id'],4,00149
156060950045,['ebay_mekong'],['Wall Mount Ceiling Bracket for Bose Jewel Double Cube Speaker - Pair - Black'],"['May 18, 2026', 'May 13, 2026', 'May 7, 2026', 'Apr 3, 2026']",4.0,['Transaction_mekong_May-20-2026.csv'],['00129-P-1-BK'],['item_id'],4,00129-P-1-BK
156130077997,['ebay_mekong'],['Steel Wall Mount brackets For Bose 151 101 speaker - Pair'],"['May 1, 2026']",1.0,['Transaction_mekong_May-20-2026.csv'],['00192-P-1'],['item_id'],1,00192-P-1
156140561216,['ebay_mekong'],['Bose WB-10 (White) Wall brackets for Bose Model 151 speakers'],"['Apr 16, 2026']",1.0,['Transaction_mekong_May-20-2026.csv'],['00005-P-3-WH'],['item_id'],1,00005-P-3-WH
156286557395,['ebay_mekong'],['Bose AV3-2-1 Series I  Media Center with HDMI Output Upgrade Kit'],"['Apr 26, 2026', 'Apr 15, 2026', 'Apr 10, 2026']",3.0,['Transaction_mekong_May-20-2026.csv'],['00231-P-1'],['item_id'],3,00231-P-1
156377302159,['ebay_mekong'],"['USAV Bluetooth 5.0  Adapter for Bose Wave Music System II III IV AWRCC1, AWRCC2']","['May 17, 2026', 'May 11, 2026', 'May 8, 2026', 'May 7, 2026', 'May 3, 2026', 'Apr 18, 2026', 'Apr 17, 2026']",7.0,['Transaction_mekong_May-20-2026.csv'],['00179-P-2'],['item_id'],7,00179-P-2
156380412836,['ebay_mekong'],['Genuine Bose Wall Mount bracket For Bose Cinemate GS Series II  -  SINGLE'],"['Apr 5, 2026']",2.0,['Transaction_mekong_May-20-2026.csv'],['00045-P-3'],['item_id'],1,00045-P-3
156437173963,['ebay_mekong'],['Genuine Bose Wall Mount bracket For Bose Cinemate 321 GS Series II  -  SINGLE'],"['May 19, 2026', 'May 9, 2026']",3.0,['Transaction_mekong_May-20-2026.csv'],['00045-P-3'],['item_id'],2,00045-P-3
156494575961,['ebay_mekong'],['Set of 5 - 16 Gauge Speaker  Cable for Bose Acoustimass Cube Speakers'],"['Apr 28, 2026', 'Apr 26, 2026']",2.0,['Transaction_mekong_May-20-2026.csv'],['00049-P-9'],['item_id'],2,00049-P-9
156507728491,['ebay_mekong'],['Bose 5.1 Surround Sound Home Theater Speakers'],"['May 1, 2026', 'Apr 22, 2026']",2.0,['Transaction_mekong_May-20-2026.csv'],['00221'],['item_id'],2,00221
157061657793,['ebay_mekong'],['Bose Power Board 319091-001 Part For Bose Cinemate Series II Subwoofer'],"['May 16, 2026', 'Apr 29, 2026', 'Apr 9, 2026', 'Apr 3, 2026']",4.0,['Transaction_mekong_May-20-2026.csv'],['00044-P-6'],['item_id'],4,00044-P-6
157061658167,['ebay_mekong'],['Bose CineMate II Subwoofer Audio Input PCB Board PN: 319091-003'],"['May 16, 2026']",1.0,['Transaction_mekong_May-20-2026.csv'],['00044-P-5'],['item_id'],1,00044-P-5
157116467438,['ebay_mekong'],['Denon AVR 1912 7.1 Channel 125 Watt Receiver'],"['May 13, 2026']",1.0,['Transaction_mekong_May-20-2026.csv'],['00294'],['item_id'],1,00294
157138219809,['ebay_mekong'],['Bose Bose 321 Series II III   Replacement IR Sensor Part AV 321 II Media Center'],"['Apr 2, 2026']",1.0,['Transaction_mekong_May-20-2026.csv'],['00046-P-10'],['item_id'],1,00046-P-10
157175203841,['ebay_mekong'],['Wall Mount Ceiling Bracket for Sony SS-TSB Satellite Speakers - Pair - Black'],"['May 18, 2026', 'May 13, 2026', 'May 12, 2026', 'May 8, 2026', 'Apr 20, 2026']",7.0,['Transaction_mekong_May-20-2026.csv'],['00005-P-1-BK'],['item_id'],5,00005-P-1-BK
157189619115,['ebay_mekong'],['Genuine Bose Adjustable Tilt-Mount Brackets for Bose 151 - Single - White'],"['May 20, 2026', 'May 12, 2026', 'May 2, 2026']",3.0,['Transaction_mekong_May-20-2026.csv'],['00005-P-2-WH'],['item_id'],3,00005-P-2-WH
157189642362,['ebay_mekong'],['Genuine Bose Adjustable Tilt-Mount Brackets for Bose 151 Speaker - Single'],"['Apr 20, 2026']",1.0,['Transaction_mekong_May-20-2026.csv'],['00005-P-2'],['item_id'],1,00005-P-2
157204234036,['ebay_mekong'],['Cable 5.1 Subwoofer to Receiver for Bose Acoustimass 6/10/15 Series 1 2 3 4'],"['May 5, 2026']",1.0,['Transaction_mekong_May-20-2026.csv'],['00148-P-3'],['item_id'],1,00148-P-3
157208738782,['ebay_mekong'],['Polk Audio Original Wall mount for Polk Audio M-6801 Speaker'],"['Apr 11, 2026']",1.0,['Transaction_mekong_May-20-2026.csv'],['00342-P-2'],['item_id'],1,00342-P-2
157308955466,['ebay_mekong'],['Bose UFS-20 Stand Part - Mounting  Bracket Adapter for  Virtually Invisible 300'],"['May 2, 2026']",4.0,['Transaction_mekong_May-20-2026.csv'],['00274-P-1'],['item_id'],2,00274-P-1
157309016488,['ebay_mekong'],"[""OEM BOSE 'JEWEL' CUBE SPEAKER CABLE/wire 40ft""]","['Apr 13, 2026']",1.0,['Transaction_mekong_May-20-2026.csv'],['00129-P-3'],['item_id'],1,00129-P-3
157309030628,['ebay_mekong'],['Replacement Circuit Board for Bose SoundDock 10 w Bluetooth Adapter  322292'],"['Apr 10, 2026']",1.0,['Transaction_mekong_May-20-2026.csv'],['00097-P-3'],['item_id'],1,00097-P-3
157449915235,['ebay_mekong'],['USAV Bluetooth Adapter for Bose Cinemate System'],"['May 20, 2026', 'May 9, 2026', 'Apr 23, 2026', 'Apr 2, 2026']",5.0,['Transaction_mekong_May-20-2026.csv'],['00149'],['item_id'],4,00149
157452389265,['ebay_mekong'],['Bose 251 Speaker - Aluminum Mount Bracket Single'],"['May 18, 2026', 'May 10, 2026', 'Apr 19, 2026']",6.0,['Transaction_mekong_May-20-2026.csv'],['00123-P-1-AL'],['item_id'],3,00123-P-1-AL
157454729633,['ebay_mekong'],['Wall Mount Ceiling Bracket for Bose Jewel Double Cube Speaker - Single - White'],"['May 12, 2026']",7.0,['Transaction_mekong_May-20-2026.csv'],['00005-P-1-WH'],['item_id'],1,00005-P-1-WH
157535758796,['ebay_mekong'],['Bose Soundlink USB Key Bluetooth Audio Transmitter Adapter'],"['May 17, 2026']",1.0,['Transaction_mekong_May-20-2026.csv'],['00267-P-1'],['item_id'],1,00267-P-1
157628756805,['ebay_mekong'],['Bose Wave Radio/CD AWRC-1G AWRC-1P Main Motherboard Circuit Board'],"['Apr 9, 2026', 'Apr 2, 2026']",2.0,['Transaction_mekong_May-20-2026.csv'],['00282-P-2'],['item_id'],2,00282-P-2
157644266239,['ebay_mekong'],['Replacement  BOSE Speaker Driver  Twiddler  for Bose 251 Speaker (PLEASE READ)'],"['May 19, 2026', 'May 10, 2026', 'May 3, 2026', 'Apr 22, 2026', 'Apr 19, 2026', 'Apr 9, 2026']",9.0,['Transaction_mekong_May-20-2026.csv'],['00123-P-8'],['item_id'],6,00123-P-8
157691192261,['ebay_mekong'],['New replacement  Bracket for Bose SlideConnect  WB-50 Wall Bracket WB50 - Black'],"['Apr 14, 2026']",4.0,['Transaction_mekong_May-20-2026.csv'],['00286-P-1-BK'],['item_id'],1,00286-P-1-BK
157702928842,['ebay_mekong'],['S-Video to HDMI Output Upgrade Kit For Bose 321 Series I II III Media Center - H'],"['May 17, 2026', 'Apr 29, 2026', 'Apr 21, 2026']",3.0,['Transaction_mekong_May-20-2026.csv'],['00046-P-16'],['item_id'],3,00046-P-16
157737803425,['ebay_mekong'],['Bose SoundDock Series II / III Remote Control Bose Portable Music System Gray'],"['May 20, 2026', 'May 17, 2026', 'May 13, 2026', 'May 8, 2026', 'May 5, 2026', 'May 3, 2026', 'May 1, 2026', 'Apr 27, 2026', 'Apr 25, 2026', 'Apr 13, 2026', 'Apr 11, 2026', 'Apr 9, 2026', 'Apr 6, 2026']",15.0,['Transaction_mekong_May-20-2026.csv'],['00832'],['item_id'],14,00832
157740058871,['ebay_mekong'],['Replacement CD Processor PCB for Bose Wave Music System AWRCC1 AWRCC2 269837-001'],"['Apr 19, 2026']",1.0,['Transaction_mekong_May-20-2026.csv'],['00179-P-1'],['item_name'],1,00179-P-1
157856851931,['ebay_mekong'],['Bose SoundDock Series I Type A Sound Processor Board Part'],"['Apr 30, 2026']",1.0,['Transaction_mekong_May-20-2026.csv'],['00262-P-1'],['item_name'],1,00262-P-1
157903041818,['ebay_mekong'],['BOSE Wave AWRCC1 & 2  CD Drive w/ Ribbon Cables & Rubber Feet Tested Working'],"['May 18, 2026', 'May 13, 2026']",5.0,['Transaction_mekong_May-20-2026.csv'],['00031-P-14'],['item_id'],3,00031-P-14
255656998839,['ebay_dragon'],['Plastic wall mount bracket for Bose Acoustimass AM-5 Speaker - Black -Pair'],"['Apr 25, 2026']",1.0,['Transaction_dragon_May-20-2026.csv'],['00158-P-1-BK'],['item_name'],1,00158-P-1-BK
255657016246,['ebay_dragon'],['Wall Mount Brackets (Pair) for Bose 321 GS Series speakers'],"['Apr 24, 2026', 'Apr 19, 2026']",2.0,['Transaction_dragon_May-20-2026.csv'],['00216-P-1'],['item_id'],2,00216-P-1
255657054624,['ebay_dragon'],['Set of 3 20-ft speaker cable for the 3 front speakers Bose Acoustimass 6 10 15'],"['May 4, 2026']",1.0,['Transaction_dragon_May-20-2026.csv'],['00306-P-7'],['item_id'],1,00306-P-7
255739471416,['ebay_dragon'],"['POWER TRANSFORMER  I/P:  120V /60Hz.  350mA O/P"" 6V /2.6A 1.9V /250mA']","['Apr 15, 2026']",1.0,['Transaction_dragon_May-20-2026.csv'],['00345-P-1'],['item_id'],1,00345-P-1
255903632589,['ebay_dragon'],['6 Speaker Cables for Bose Acoustimass 16 15 Series II - RCA to Bare Wire'],"['Apr 25, 2026']",1.0,['Transaction_dragon_May-20-2026.csv'],['00197-P-3'],['item_id'],1,00197-P-3
256490561041,['ebay_dragon'],['Bose Wave Music System II CD Player AM/FM Radio  - Model AWRCC2 - FREE SHIPPING'],"['May 16, 2026', 'Apr 30, 2026']",2.0,['Transaction_dragon_May-20-2026.csv'],['00169'],['item_id'],2,00169
257069307559,['ebay_dragon'],['Bose Acoustimass  Bass  Module For Lifestyle  V20 V30 T20 V25 V35- B Grade'],"['Apr 4, 2026']",1.0,['Transaction_dragon_May-20-2026.csv'],['00223-U'],['item_id'],1,00223-U
257181812412,['ebay_dragon'],['New Bose Lifestyle 600/650  Rear Speaker Cable 2-Pin 757605-0010 Black'],"['Apr 26, 2026', 'Apr 1, 2026']",3.0,['Transaction_dragon_May-20-2026.csv'],['00324-P-1-BK-N'],['item_id'],2,00324-P-1-BK-N
257202937526,['ebay_dragon'],['Bose 40ft speaker cable for Cinemate I II System or Bose 321 System'],"['May 10, 2026', 'May 3, 2026', 'Apr 21, 2026']",3.0,['Transaction_dragon_May-20-2026.csv'],['00046-P-8'],['item_id'],3,00046-P-8
257226304041,['ebay_dragon'],['Steel Wall Mounting   Bracket - Bose 251  Black Speaker  - Single'],"['May 2, 2026']",2.0,['Transaction_dragon_May-20-2026.csv'],['00123-P-3-BK'],['item_id'],1,00123-P-3-BK
257244062190,['ebay_dragon'],['Bose Power Adapter Supply for Lifestyle Control Console AV35 AV20'],"['May 14, 2026']",1.0,['Transaction_dragon_May-20-2026.csv'],['00258-P-1'],['item_id'],1,00258-P-1
257363770620,['ebay_dragon'],['Fully Refurbished Bose Wave Music System CD Player AM/FM Radio Bluetooth AWRCC1'],"['Apr 17, 2026', 'Apr 7, 2026', 'Apr 5, 2026', 'Apr 2, 2026']",6.0,['Transaction_dragon_May-20-2026.csv'],['00279'],['item_id'],6,00279
257457553819,['ebay_dragon'],['Bose Power Board 319091-001 Part For Bose Cinemate Series II Subwoofer'],"['Apr 20, 2026']",1.0,['Transaction_dragon_May-20-2026.csv'],['00044-P-6'],['item_name'],1,00044-P-6
257482151131,['ebay_dragon'],['New Bose Lifestyle 600/650  Rear Speaker Cable 2-Pin 757605-0010 Black'],"['May 11, 2026']",2.0,['Transaction_dragon_May-20-2026.csv'],['00324-P-1-BK-N'],['item_id'],1,00324-P-1-BK-N
265730213229,['ebay_dragon'],['Steel Wall Mount brackets For Bose 151 101 speaker - Pair'],"['May 4, 2026', 'Apr 3, 2026']",3.0,['Transaction_dragon_May-20-2026.csv'],['00192-P-1'],['item_id'],2,00192-P-1
265735795821,['ebay_dragon'],['HDMI Output Upgrade Kit For Bose Lifestyle AV18 AV28 AV38 AV48'],"['May 2, 2026', 'Apr 23, 2026']",2.0,['Transaction_dragon_May-20-2026.csv'],['00186-P-1'],['item_id'],2,00186-P-1
265808477105,['ebay_dragon'],['Wall Mount Brackets Black (Pair) for Bose Cinemate Series II Satellite Speakers'],"['May 4, 2026', 'Apr 20, 2026', 'Apr 13, 2026']",3.0,['Transaction_dragon_May-20-2026.csv'],['00044-P-1-BK'],['item_id'],3,00044-P-1-BK
265808653265,['ebay_dragon'],['Plastic wall mount bracket for Bose 151SE 161 Speaker - Black -Pair'],"['May 16, 2026', 'Apr 3, 2026']",2.0,['Transaction_dragon_May-20-2026.csv'],['00007-P-3-BK'],['item_id'],2,00007-P-3-BK
265954998491,['ebay_dragon'],"['RCA to HDMI Converter for Bose 321 Series (III, II, I)']","['May 15, 2026', 'May 7, 2026']",2.0,['Transaction_dragon_May-20-2026.csv'],['00046-P-17'],['item_id'],2,00046-P-17
265955018402,['ebay_dragon'],['Wall Mount Ceiling Bracket for Bose Double Cube Speaker - Pair - Black'],"['Apr 25, 2026']",2.0,['Transaction_dragon_May-20-2026.csv'],['00129-P-1-BK'],['item_id'],1,00129-P-1-BK
266152911725,['ebay_dragon'],['Bose Wave Music System CD Player AM/FM Radio Bluetooth - AWRCC2 - FREE SHIPPING'],"['Apr 12, 2026']",1.0,['Transaction_dragon_May-20-2026.csv'],['00281'],['item_id'],1,00281
266458413498,['ebay_dragon'],['3M 479 Broadcast Video Tape  C Format'],"['Apr 1, 2026']",1.0,['Transaction_dragon_May-20-2026.csv'],['00195'],['item_id'],1,00195
267084923072,['ebay_dragon'],['Bose Wave Music System AM/FM CD Player Clock Radio Bluetooth Remote AWRCC1'],"['Apr 25, 2026']",1.0,['Transaction_dragon_May-20-2026.csv'],['00031'],['item_id'],1,00031
267285801385,['ebay_dragon'],['BOSE ACOUSTIMASS 6/10/15  III IV V SUBWOOFER System Input Cable'],"['May 2, 2026', 'Apr 13, 2026', 'Apr 11, 2026']",3.0,['Transaction_dragon_May-20-2026.csv'],['00148-P-3'],['item_id'],3,00148-P-3
267325648063,['ebay_dragon'],['Bose soundtouch controller for Bose Soundtouch SA-4'],"['Apr 25, 2026']",1.0,['Transaction_dragon_May-20-2026.csv'],['00269-P-1'],['item_id'],1,00269-P-1
267377000216,['ebay_dragon'],['Bose 251 Environmental Speakers Pair Black NEW  with Brackets (Pair)'],"['Apr 26, 2026']",2.0,['Transaction_dragon_May-20-2026.csv'],['00123-BK-N'],['item_id'],1,00123-BK-N
267488496273,['ebay_dragon'],"['Bose Sounddock 1 AC Adapter Power Supply PSM36W-208 18V - Black', 'Bose Sounddock 1 AC Adapter Power Supply PSM36W-208 18V']","['May 19, 2026', 'May 12, 2026', 'May 8, 2026']",3.0,['Transaction_dragon_May-20-2026.csv'],['00261-P-1'],['item_id'],3,00261-P-1
267553375403,['ebay_dragon'],['Bose V35 Console Upgrade Kit for Bose Lifestyle V30 V20 28 38 48 Series III IV'],"['Apr 28, 2026']",1.0,['Transaction_dragon_May-20-2026.csv'],['00275-P-1'],['item_id'],1,00275-P-1
267568435726,['ebay_dragon'],['Bose Wave SoundTouch Music System IV Wi-Fi Bluetooth Pedestal 412534-SM2 NEW'],"['May 17, 2026']",1.0,['Transaction_dragon_May-20-2026.csv'],['00284-N'],['item_id'],1,00284-N
28,['amazon'],['Bose SoundDock Remote - Gray'],"['Apr 7, 2026 3:30:25 AM PDT']",1.0,['transaction_us_amazon.csv'],['00832'],['item_id'],1,00832
362745863727,['ebay_usav'],['Plastic Wall Mount brackets For White Bose 151 Speaker - Pair'],"['May 18, 2026', 'May 15, 2026', 'Apr 29, 2026', 'Apr 17, 2026']",5.0,['Transaction_usav_May-20-2026.csv'],['00005-P-1-WH'],['item_id'],4,00005-P-1-WH
362745869207,['ebay_usav'],['Wall Mount brackets For White Bose 101 speaker - Pair'],"['Apr 16, 2026']",2.0,['Transaction_usav_May-20-2026.csv'],['00005-P-1-WH'],['item_id'],2,00005-P-1-WH
362771005155,['ebay_usav'],['Set Of 5 Wall Mount brackets  For Bose Lifestyle Satellite speaker - Black'],"['May 12, 2026', 'May 7, 2026', 'May 4, 2026']",3.0,['Transaction_usav_May-20-2026.csv'],['00088-P-4-BK'],['item_id'],3,00088-P-4-BK
362857436923,['ebay_usav'],['Wall Mount Ceiling Bracket for Bose Jewel Cube Speakers - Pair - White'],"['Apr 20, 2026']",2.0,['Transaction_usav_May-20-2026.csv'],['00389-P-1-WH'],['item_id'],1,00389-P-1-WH
362910003450,['ebay_usav'],['Metal Wall Mount bracket  For Bose Lifestyle speaker - Black Single'],"['Apr 2, 2026']",3.0,['Transaction_usav_May-20-2026.csv'],['00163-BK'],['item_id'],1,00163-BK
363059832032,['ebay_usav'],['Steel  Wall Mount brackets For   Bose 151 101 speaker - PAIR'],"['Apr 20, 2026']",1.0,['Transaction_usav_May-20-2026.csv'],['00192-P-1'],['item_id'],1,00192-P-1
363087409825,['ebay_usav'],['Wall Mount  Bracket for Bose Lifestyle Cube Speaker - Pair - Black'],"['Apr 13, 2026']",1.0,['Transaction_usav_May-20-2026.csv'],['00129-P-2-BK'],['item_id'],1,00129-P-2-BK
363100692206,['ebay_usav'],['Plastic Wall Mount brackets For Black Bose 151 speaker - Pair'],"['May 17, 2026', 'Apr 11, 2026']",2.0,['Transaction_usav_May-20-2026.csv'],['00005-P-1-BK'],['item_id'],2,00005-P-1-BK
363270179122,['ebay_usav'],"['Component Video Adapter For Bose Lifestyle AV18, AV38 AV48  Media Center']","['May 13, 2026']",1.0,['Transaction_usav_May-20-2026.csv'],['00293-P-1'],['item_id'],1,00293-P-1
363493387057,['ebay_usav'],['Replacement Bose  Speaker Driver  for Bose Portable'],"['May 6, 2026']",1.0,['Transaction_usav_May-20-2026.csv'],['00351-P-1'],['item_id'],1,00351-P-1
363496191002,['ebay_usav'],['Bose Cinemate Home Theater Speaker System Owner’s Guide Manual'],"['Apr 19, 2026']",1.0,['Transaction_usav_May-20-2026.csv'],['00020-P-2-U'],['item_id'],1,00020-P-2-U
363554504815,['ebay_usav'],['Bose UFS-20 Speaker Stand Part - Mounting Bracket  & Screw'],"['Apr 12, 2026']",1.0,['Transaction_usav_May-20-2026.csv'],['00063-P-2'],['item_id'],1,00063-P-2
363571133239,['ebay_usav'],['Genuine Bose Mounting bracket for Bose 151 SE or 161 Speaker - White -Single'],"['May 17, 2026', 'Apr 14, 2026', 'Apr 11, 2026']",4.0,['Transaction_usav_May-20-2026.csv'],['00007-P-1-WH'],['item_id'],3,00007-P-1-WH
363571136488,['ebay_usav'],['NEW Genuine Bose Black Mounting Bracket for Bose 151 SE or 161 Speaker  - Single'],"['May 15, 2026']",1.0,['Transaction_usav_May-20-2026.csv'],['00007-P-1-BK-N'],['item_id'],1,00007-P-1-BK-N
363643020186,['ebay_usav'],['Genuine Bose Wall Mount brackets For Bose Cube speaker  - Single - Black'],"['Apr 27, 2026', 'Apr 26, 2026', 'Apr 19, 2026', 'Apr 3, 2026']",9.0,['Transaction_usav_May-20-2026.csv'],['00163-BK'],['item_id'],4,00163-BK
364192835593,['ebay_usav'],['Bose AV3-2-1 Series I  Media Center with HDMI Output Upgrade Kit'],"['May 18, 2026']",1.0,['Transaction_usav_May-20-2026.csv'],['00231-P-1'],['item_id'],1,00231-P-1
364207289872,['ebay_usav'],['USAV Bluetooth Adapter for Bose Acoustic Wave Music System II | CD-3000'],"['May 3, 2026']",1.0,['Transaction_usav_May-20-2026.csv'],['00149'],['item_id'],1,00149
364273024758,['ebay_usav'],['Bose Acoustimass 10 Series III Speaker System (White)'],"['Apr 12, 2026']",1.0,['Transaction_usav_May-20-2026.csv'],['00224-WH'],['item_id'],1,00224-WH
364282077350,['ebay_usav'],['Plastic wall mount bracket for Bose 161 151 SE Speaker - WHITE -Pair'],"['May 11, 2026', 'Apr 30, 2026', 'Apr 28, 2026']",3.0,['Transaction_usav_May-20-2026.csv'],['00007-P-3-WH'],['item_id'],3,00007-P-3-WH
364296264870,['ebay_usav'],['Bose Acoustic Wave Music System CD-3000 AM/FM CD Player Graphite Grey (CD3000)'],"['Apr 12, 2026']",1.0,['Transaction_usav_May-20-2026.csv'],['00122-GY'],['item_id'],1,00122-GY
364408748482,['ebay_usav'],['Bose Wave  RADIO  (No CD Player)  with Bluetooth Adapter -  WHITE CREAM'],"['Apr 3, 2026']",1.0,['Transaction_usav_May-20-2026.csv'],['00260-WH'],['item_id'],1,00260-WH
364487090236,['ebay_usav'],['Bose Wave Radio/CD AWRC-1G AWRC-1P Main Motherboard Circuit Board'],"['May 19, 2026', 'May 9, 2026', 'Apr 7, 2026']",3.0,['Transaction_usav_May-20-2026.csv'],['00282-P-2'],['item_id'],3,00282-P-2
364490802363,['ebay_usav'],['Genuine Bose Metal Wall Brackets for Bose Model 151 Speakers'],"['May 1, 2026']",1.0,['Transaction_usav_May-20-2026.csv'],['00005-P-3'],['item_id'],1,00005-P-3
364884476096,['ebay_usav'],['Genuine Bose White Wall Mount Bracket for Bose Acoustimass 6 10 15 16  - Single'],"['Apr 4, 2026']",1.0,['Transaction_usav_May-20-2026.csv'],['00306-P-6-WH'],['item_id'],1,00306-P-6-WH
364931602338,['ebay_usav'],['Bose UFS-20 Stand Part - Mounting  Bracket Adapter for  Virtually Invisible 300'],"['May 17, 2026']",2.0,['Transaction_usav_May-20-2026.csv'],['00274-P-1'],['item_id'],1,00274-P-1
365103821482,['ebay_usav'],['Replacement Grill For Bose Double Cube Acoustimass Lifestyle Speaker  White'],"['Apr 6, 2026']",1.0,['Transaction_usav_May-20-2026.csv'],['00049-P-5-WH'],['item_id'],1,00049-P-5-WH
365114129334,['ebay_usav'],"['Optical digital  audio output Cable for Bose Solo 5, Cine 120, 1SR']","['Apr 10, 2026']",1.0,['Transaction_usav_May-20-2026.csv'],['00332-P-1'],['item_id'],1,00332-P-1
365114569539,['ebay_usav'],['USAV Bluetooth Upgrade Kit for  Bose Companion 2 Series  III II I'],"['May 13, 2026']",1.0,['Transaction_usav_May-20-2026.csv'],['00015-P-2'],['item_id'],1,00015-P-2
365157423912,['ebay_usav'],['Replacement Remote  Control for Bose Wave Music Radio IV 417788-WR 417788-WMS'],"['Apr 29, 2026', 'Apr 25, 2026', 'Apr 7, 2026', 'Apr 2, 2026']",6.0,['Transaction_usav_May-20-2026.csv'],['00366-P-1'],['item_id'],4,00366-P-1
365157425086,['ebay_usav'],['Bose Wave Music System  417788-WMS - Replacement Remote  Control Only'],"['Apr 17, 2026', 'Apr 15, 2026', 'Apr 3, 2026']",3.0,['Transaction_usav_May-20-2026.csv'],['00278-P-1'],['item_id'],3,00278-P-1
365173037237,['ebay_usav'],['Bose Cinemate Series I II III AV321 3-2-1 GS  Speaker Cover Grill'],"['Apr 10, 2026']",1.0,['Transaction_usav_May-20-2026.csv'],['00020-P-6'],['item_id'],1,00020-P-6
365234844584,['ebay_usav'],['Bose Lifestyle V25 5.1 Home Theater System'],"['Apr 6, 2026']",1.0,['Transaction_usav_May-20-2026.csv'],['00249'],['item_id'],1,00249
365288591124,['ebay_usav'],"['Replacement Woofer TRANSDUCER ASSEMBLY,116mm for Bose SoundTouch 30']","['May 13, 2026']",1.0,['Transaction_usav_May-20-2026.csv'],['00369-P-1'],['item_id'],1,00369-P-1
365716575025,['ebay_usav'],['Steel  Wall Mounting Bracket  For   Bose 251  speaker - Single'],"['Apr 2, 2026']",1.0,['Transaction_usav_May-20-2026.csv'],['00123-P-3'],['item_id'],1,00123-P-3
365730283518,['ebay_usav'],"['NEW Bose 251 Environmental Speakers, Premium Outdoor Speakers - Black']","['May 17, 2026']",1.0,['Transaction_usav_May-20-2026.csv'],['00123-BK-N'],['item_id'],1,00123-BK-N
365740005563,['ebay_usav'],['Bose Wave Soundlink Adapter UPDATE DISK for Bose  Acoustic Wave system II'],"['Apr 15, 2026']",1.0,['Transaction_usav_May-20-2026.csv'],['00283-P-2'],['item_id'],1,00283-P-2
366300656400,['ebay_usav'],['Bose Wave Music System III Update Disc CD – Fixes “PLEASE UPDATE” Error'],"['May 18, 2026', 'May 15, 2026', 'Apr 9, 2026', 'Apr 6, 2026']",4.0,['Transaction_usav_May-20-2026.csv'],['00066-P-5'],['item_id'],4,00066-P-5
56-MR6T-9IXI,['amazon'],['USAV Solutions wall Mount Bracket Bose WB-50 Series II Slideconnect - White'],"['Apr 6, 2026 3:31:01 AM PDT']",1.0,['transaction_us_amazon.csv'],['00286-P-1-WH'],['item_id'],1,00286-P-1-WH
B00005T383,['amazon'],['Bose® UB-20 Wall/Ceiling Bracket (Single) - White'],"['Apr 6, 2026 3:31:05 AM PDT', 'Apr 16, 2026 12:57:17 AM PDT']",3.0,['transaction_us_amazon.csv'],['00163-WH'],['item_id'],2,00163-WH
B00005T3NH,['amazon'],['Factory-renewed Bose VCS-10 Center Channel Speaker - Black'],"['Apr 6, 2026 2:56:46 AM PDT', 'Apr 6, 2026 2:57:05 AM PDT', 'Apr 6, 2026 9:42:28 AM PDT', 'Apr 7, 2026 3:14:41 AM PDT', 'Apr 13, 2026 1:39:17 AM PDT', 'Apr 14, 2026 1:08:34 AM PDT', 'Apr 16, 2026 12:57:34 AM PDT', 'Apr 16, 2026 12:57:40 AM PDT', 'Apr 21, 2026 1:37:23 AM PDT', 'Apr 27, 2026 3:41:24 AM PDT', 'May 4, 2026 2:43:23 AM PDT']",11.0,['transaction_us_amazon.csv'],['00001-BK'],['item_id'],11,00001-BK
B00006I539,['amazon'],"['USAV Bundle - Bose 151 Outdoor Speakers (Pair, Black) with Bose SA-3 Stereo Amplifier & Bluetooth Adapter']","['Apr 10, 2026 1:10:32 PM PDT', 'Apr 22, 2026 12:58:53 AM PDT', 'Apr 27, 2026 3:41:16 AM PDT']",3.0,['transaction_us_amazon.csv'],['00005-BK'],['item_id'],3,00005-BK
B00006I53A,['amazon'],['Bose 161 Speaker System (Black) - Ideal for Stereo or Home Theater use'],"['Apr 1, 2026 2:36:09 AM PDT', 'Apr 1, 2026 3:24:23 AM PDT', 'Apr 6, 2026 2:56:50 AM PDT', 'Apr 6, 2026 9:42:28 AM PDT', 'Apr 20, 2026 12:13:44 AM PDT', 'Apr 20, 2026 7:27:52 AM PDT', 'Apr 21, 2026 2:11:50 PM PDT', 'Apr 21, 2026 4:13:15 PM PDT']",8.0,['transaction_us_amazon.csv'],['00168'],['item_id'],8,00168
B00006I53C,['amazon'],"['Bose 251 Environmental Speakers, Premium Outdoor Speakers - Black']","['Apr 6, 2026 2:00:35 AM PDT', 'Apr 7, 2026 3:13:17 AM PDT', 'Apr 8, 2026 2:21:12 AM PDT', 'Apr 28, 2026 9:42:48 AM PDT', 'Apr 28, 2026 8:47:21 PM PDT', 'May 1, 2026 1:17:31 AM PDT', 'May 5, 2026 8:13:20 PM PDT']",7.0,['transaction_us_amazon.csv'],['00123-BK'],['item_id'],7,00123-BK
B00006I53D,['amazon'],"['Bose 251 Environmental Speakers, Premium Outdoor Speakers - White']","['Apr 2, 2026 10:27:54 AM PDT', 'Apr 3, 2026 1:44:08 AM PDT', 'Apr 7, 2026 3:14:04 AM PDT', 'Apr 14, 2026 11:17:11 AM PDT', 'Apr 14, 2026 12:47:37 PM PDT', 'Apr 20, 2026 10:38:26 AM PDT', 'Apr 24, 2026 12:24:21 PM PDT', 'Apr 25, 2026 7:18:32 AM PDT', 'Apr 26, 2026 10:20:16 PM PDT', 'Apr 29, 2026 9:14:00 AM PDT', 'May 1, 2026 1:17:25 AM PDT', 'May 4, 2026 9:33:49 AM PDT', 'May 4, 2026 9:43:50 AM PDT', 'May 5, 2026 11:04:40 AM PDT', 'May 7, 2026 8:15:03 AM PDT']",16.0,['transaction_us_amazon.csv'],['00123-WH'],['item_id'],15,00123-WH
B00006L7RT,['amazon'],['Bose 201-V Stereo Loudspeakers (Pair) - Black'],"['Apr 20, 2026 4:20:19 PM PDT']",1.0,['transaction_us_amazon.csv'],['00006-BK'],['item_id'],1,00006-BK
B00006L7RV,['amazon'],['Bose 301-V Stereo Loudspeakers (Pair) - Black'],"['Apr 9, 2026 5:18:27 PM PDT', 'Apr 17, 2026 7:58:15 PM PDT']",2.0,['transaction_us_amazon.csv'],['00006-BK'],['item_id'],2,00006-BK
B00007AJ8B,['amazon'],['Bose 151 Indoor/Outdoor Speaker Pair (White)'],"['Apr 9, 2026 10:16:59 AM PDT', 'Apr 27, 2026 11:16:27 AM PDT']",2.0,['transaction_us_amazon.csv'],['00005-WH'],['item_id'],2,00005-WH
B0001H9TGI,['amazon'],"['Bose 151 SE Environmental Speakers, Elegant Outdoor Speakers - White']","['Apr 17, 2026 5:40:22 PM PDT', 'Apr 24, 2026 9:24:57 AM PDT', 'Apr 28, 2026 7:33:24 AM PDT']",3.0,['transaction_us_amazon.csv'],['00606-WY'],['item_id'],3,00606-WY
B0001H9TGS,['amazon'],"['Bose 151 SE Environmental Speakers, Elegant Outdoor Speakers - Black']","['Apr 7, 2026 6:27:45 PM PDT', 'Apr 7, 2026 6:27:47 PM PDT', 'May 1, 2026 1:28:18 AM PDT']",3.0,['transaction_us_amazon.csv'],['00161'],['item_id'],3,00161
B00062QY5W,['amazon'],['Bose Companion 2; Multimedia Speaker System'],"['Apr 3, 2026 7:57:22 AM PDT']",1.0,['transaction_us_amazon.csv'],['00015'],['item_id'],1,00015
B00091U9YW,['amazon'],['Bose 141 Pair Fullrange Bookshelf Speakers'],"['Apr 20, 2026 9:45:33 AM PDT']",1.0,['transaction_us_amazon.csv'],['00016'],['item_id'],1,00016
B0009I94LE,['amazon'],['Bose Wave Radio II - Platinum White'],"['Apr 6, 2026 12:35:18 PM PDT']",1.0,['transaction_us_amazon.csv'],['00017-PL'],['item_id'],1,00017-PL
B0009I9AY0,['amazon'],['Bose Wave Radio and CD Player AWRC-1P White'],"['Apr 4, 2026 3:39:24 PM PDT', 'Apr 4, 2026 3:39:51 PM PDT', 'Apr 6, 2026 12:23:40 PM PDT', 'Apr 6, 2026 1:17:51 PM PDT', 'Apr 7, 2026 3:17:17 AM PDT', 'Apr 29, 2026 9:50:22 AM PDT', 'May 1, 2026 1:52:14 AM PDT', 'May 2, 2026 3:12:26 PM PDT']",8.0,['transaction_us_amazon.csv'],['00018-WH'],['item_id'],8,00018-WH
B000GFPTQY,['amazon'],['Bose Acoustimass 10 Series IV Home Entertainment Speaker System - Black'],"['Apr 6, 2026 1:49:59 AM PDT', 'Apr 6, 2026 1:57:18 AM PDT']",2.0,['transaction_us_amazon.csv'],['00021-BK'],['item_id'],2,00021-BK
B000HZBR64,['amazon'],['Bose Companion 3 Series II multimedia speaker system (Graphite/Silver)'],"['Apr 7, 2026 3:40:18 PM PDT', 'Apr 11, 2026 10:11:12 AM PDT']",2.0,['transaction_us_amazon.csv'],['00022-GR'],['item_id'],2,00022-GR
B000IE8Z4Q,['amazon'],['Bose Companion 5 Multimedia Speaker System - Graphite/Silver'],"['Apr 25, 2026 3:48:41 AM PDT', 'Apr 30, 2026 1:17:15 PM PDT', 'May 3, 2026 7:26:16 AM PDT']",3.0,['transaction_us_amazon.csv'],['00025-GR'],['item_id'],3,00025-GR
B000KRNFDW,['amazon'],['Bose Lifestyle 18 Black Series III DVD Home Entertainment System'],"['Apr 27, 2026 4:24:09 AM PDT']",1.0,['transaction_us_amazon.csv'],['00026-BK'],['item_id'],1,00026-BK
B000V2FJAS,['amazon'],['Bose SoundDock Portable 30-Pin iPod/iPhone Speaker Dock'],"['Apr 2, 2026 2:40:34 PM PDT', 'Apr 5, 2026 7:45:21 PM PDT', 'Apr 7, 2026 3:33:25 PM PDT', 'Apr 8, 2026 1:01:51 PM PDT']",4.0,['transaction_us_amazon.csv'],['00029'],['item_id'],4,00029
B001DLTDQC,['amazon'],['Bose SoundDock Series II 30-Pin iPod/iPhone Speaker Dock (Black)'],"['Apr 2, 2026 12:46:57 PM PDT', 'Apr 28, 2026 1:04:08 AM PDT']",2.0,['transaction_us_amazon.csv'],['00263-BK'],['item_id'],2,00263-BK
B001KSLK3C,['amazon'],['Bose SoundDock Series II 30-Pin iPod/iPhone Speaker Dock (Silver)'],"['Apr 12, 2026 7:15:38 AM PDT', 'Apr 19, 2026 3:58:55 PM PDT', 'May 4, 2026 2:43:22 AM PDT']",3.0,['transaction_us_amazon.csv'],['00039-SV'],['item_id'],3,00039-SV
B002KY2OU8,['amazon'],['Bose® CineMate® Series II Digital Home Theater Speaker System'],"['Apr 1, 2026 1:26:42 PM PDT', 'Apr 1, 2026 8:03:43 PM PDT', 'Apr 3, 2026 5:57:38 PM PDT', 'Apr 15, 2026 12:21:07 PM PDT', 'Apr 22, 2026 7:01:03 AM PDT', 'Apr 30, 2026 12:21:07 AM PDT']",6.0,['transaction_us_amazon.csv'],['00044'],['item_id'],6,00044
B003JQLPWY,['amazon'],['Bose® Lifestyle® T20 Home Theater System-Black'],"['Apr 13, 2026 1:29:44 AM PDT', 'Apr 21, 2026 1:32:14 AM PDT', 'Apr 21, 2026 1:34:15 AM PDT', 'May 4, 2026 11:00:49 AM PDT']",4.0,['transaction_us_amazon.csv'],['00052'],['item_id'],4,00052
B003JQLPYC,['amazon'],['Bose® Lifestyle® V35 Home Entertainment System-Black'],"['Apr 22, 2026 9:13:00 AM PDT']",1.0,['transaction_us_amazon.csv'],['00053-BK'],['item_id'],1,00053-BK
B007ZCE4OO,['amazon'],['Bose Wave® Music System III - Graphite Gray'],"['May 7, 2026 9:05:21 AM PDT']",1.0,['transaction_us_amazon.csv'],['00066-GR'],['item_id'],1,00066-GR
B007ZFTSP6,['amazon'],['Bose Wave Connect Kit'],"['Apr 16, 2026 12:57:54 AM PDT']",1.0,['transaction_us_amazon.csv'],['00031-P-21'],['item_id'],1,00031-P-21
B007ZG8ZFO,['amazon'],['Wave Music System III Remote - Graphite Gray'],"['Apr 20, 2026 1:50:00 AM PDT']",1.0,['transaction_us_amazon.csv'],['00066-P-1-GR'],['item_id'],1,00066-P-1-GR
B00CD1PTF0,['amazon'],['Bose Companion 2 Series III Multimedia Speakers - for PC (with 3.5mm AUX & PC Input) Black'],"['Apr 3, 2026 1:54:47 AM PDT', 'Apr 3, 2026 1:55:13 AM PDT', 'Apr 6, 2026 7:22:10 AM PDT', 'Apr 7, 2026 3:16:18 AM PDT', 'Apr 7, 2026 7:56:31 AM PDT', 'Apr 7, 2026 9:10:08 AM PDT', 'Apr 7, 2026 1:45:46 PM PDT', 'Apr 8, 2026 1:22:04 PM PDT', 'Apr 8, 2026 2:15:15 PM PDT', 'Apr 9, 2026 3:06:30 AM PDT', 'Apr 9, 2026 9:23:45 AM PDT', 'Apr 9, 2026 12:09:09 PM PDT', 'Apr 9, 2026 2:51:30 PM PDT', 'Apr 10, 2026 12:06:06 PM PDT', 'Apr 11, 2026 2:22:44 PM PDT', 'Apr 12, 2026 11:33:41 AM PDT', 'Apr 12, 2026 10:30:21 PM PDT', 'Apr 13, 2026 1:39:15 AM PDT', 'Apr 13, 2026 1:42:18 AM PDT', 'Apr 15, 2026 6:30:21 PM PDT', 'Apr 15, 2026 8:07:17 PM PDT', 'Apr 16, 2026 9:07:22 AM PDT', 'Apr 16, 2026 2:31:58 PM PDT', 'Apr 17, 2026 12:46:03 PM PDT', 'Apr 19, 2026 8:56:37 PM PDT', 'Apr 20, 2026 5:07:44 PM PDT', 'Apr 21, 2026 12:36:43 AM PDT', 'Apr 21, 2026 5:33:20 PM PDT', 'Apr 21, 2026 5:35:28 PM PDT', 'Apr 22, 2026 11:58:38 AM PDT', 'Apr 23, 2026 3:55:24 PM PDT', 'Apr 24, 2026 1:26:42 AM PDT', 'Apr 24, 2026 5:27:07 PM PDT', 'Apr 24, 2026 5:48:22 PM PDT', 'Apr 24, 2026 5:56:53 PM PDT', 'Apr 25, 2026 1:42:48 PM PDT', 'Apr 26, 2026 12:33:18 AM PDT', 'Apr 27, 2026 12:01:26 AM PDT', 'Apr 27, 2026 12:37:11 PM PDT', 'Apr 28, 2026 9:22:21 PM PDT', 'Apr 29, 2026 11:33:46 AM PDT', 'Apr 29, 2026 8:57:44 PM PDT', 'May 1, 2026 11:05:27 AM PDT', 'May 1, 2026 6:54:04 PM PDT', 'May 2, 2026 6:22:12 AM PDT', 'May 2, 2026 10:17:19 AM PDT', 'May 2, 2026 4:37:40 PM PDT', 'May 3, 2026 2:09:24 AM PDT', 'May 3, 2026 3:24:00 AM PDT', 'May 3, 2026 12:17:17 PM PDT', 'May 4, 2026 9:19:44 AM PDT', 'May 4, 2026 1:22:27 PM PDT', 'May 4, 2026 1:36:05 PM PDT', 'May 4, 2026 1:37:02 PM PDT', 'May 4, 2026 1:37:30 PM PDT', 'May 5, 2026 1:38:47 PM PDT', 'May 7, 2026 9:56:21 AM PDT', 'May 7, 2026 9:57:14 AM PDT', 'May 7, 2026 5:40:23 PM PDT', 'May 7, 2026 7:33:20 PM PDT']",62.0,['transaction_us_amazon.csv'],['00072-BK'],['item_id'],60,00072-BK
B00CLNP6B2,['amazon'],['Bose Wave III Premium Backlit Remote'],"['Apr 1, 2026 1:15:10 PM PDT', 'Apr 1, 2026 3:57:22 PM PDT', 'Apr 6, 2026 8:47:08 AM PDT', 'Apr 13, 2026 12:35:30 AM PDT', 'Apr 14, 2026 6:57:32 AM PDT', 'Apr 14, 2026 3:14:35 PM PDT', 'Apr 17, 2026 5:19:59 PM PDT', 'Apr 20, 2026 11:01:05 PM PDT']",8.0,['transaction_us_amazon.csv'],['00066-P-2'],['item_id'],8,00066-P-2
B00CLUM7TO,['amazon'],['Bose® Solo/CineMate® Universal Remote'],"['Apr 1, 2026 2:47:18 PM PDT', 'Apr 2, 2026 4:05:39 PM PDT', 'Apr 5, 2026 1:31:18 PM PDT', 'Apr 7, 2026 2:44:17 PM PDT', 'Apr 13, 2026 2:00:44 AM PDT', 'Apr 17, 2026 2:20:56 AM PDT', 'Apr 21, 2026 11:15:35 AM PDT', 'Apr 21, 2026 11:16:18 AM PDT', 'Apr 23, 2026 10:59:16 AM PDT']",9.0,['transaction_us_amazon.csv'],['00114-P-1'],"['item_id', 'item_name']",9,00114-P-1
B00N1SSX6Q,['amazon'],"['Bose Solo 15 TV Sound System, Black']","['May 5, 2026 5:47:50 AM PDT']",1.0,['transaction_us_amazon.csv'],['00081-BK'],['item_id'],1,00081-BK
B00N32I2Q6,['amazon'],['Bose SoundLink Color Bluetooth Speaker (Black)'],"['May 3, 2026 10:13:37 PM PDT', 'May 5, 2026 1:59:29 PM PDT']",2.0,['transaction_us_amazon.csv'],['00115-BK'],['item_id'],2,00115-BK
B00N32ICIE,['amazon'],['Bose SoundLink Color Bluetooth Speaker (Mint)'],"['Apr 18, 2026 11:29:44 PM PDT']",1.0,['transaction_us_amazon.csv'],['00115-MI'],['item_id'],1,00115-MI
B00NT3JLQY,['amazon'],['Bose RC-X35 Remote Control for Lifestyle 535 525 235 135 V35 V25 SoundTouch I II III Home Entertainment Systems'],"['May 4, 2026 3:19:44 AM PDT']",1.0,['transaction_us_amazon.csv'],['00088-P-1'],['item_id'],1,00088-P-1
B00NTUEDMY,['amazon'],['Bose Bluetooth Audio Adapter'],"['Apr 28, 2026 1:47:36 AM PDT', 'Apr 30, 2026 4:10:43 AM PDT']",2.0,['transaction_us_amazon.csv'],['00089-P-1'],['item_id'],2,00089-P-1
B00O66Q3ZK,['amazon'],['Bose SoundTouch Wireless Adapter for CineMate Systems'],"['Apr 1, 2026 2:11:43 AM PDT']",1.0,['transaction_us_amazon.csv'],['00091-P-1'],['item_id'],1,00091-P-1
B00ODYZNCE,['amazon'],['Bose UB-20 Series II Wall/Ceiling Bracket Black'],"['Apr 1, 2026 2:23:40 AM PDT', 'Apr 6, 2026 3:31:01 AM PDT', 'Apr 16, 2026 12:57:14 AM PDT', 'Apr 20, 2026 1:50:27 AM PDT', 'May 4, 2026 3:19:29 AM PDT', 'May 5, 2026 2:40:08 AM PDT', 'May 7, 2026 9:05:40 AM PDT']",14.0,['transaction_us_amazon.csv'],['00838-BK'],['item_id'],7,00838-BK
B00TVFO08S,['amazon'],['Bose Acoustimass 6 Series V Home Theater Speaker System (Black)'],"['Apr 16, 2026 12:58:08 AM PDT']",1.0,['transaction_us_amazon.csv'],['00093-BK'],['item_id'],1,00093-BK
B00TVFO0B0,['amazon'],"['Bose Acoustimass 10 Series V Home Theater Speaker System, Black']","['Apr 27, 2026 9:51:32 AM PDT']",1.0,['transaction_us_amazon.csv'],['00093-BK'],['item_id'],1,00093-BK
B011IH685E,['amazon'],"['Bose 731396-1100 SoundTouch 10 Wireless Speaker, Works with Alexa, Black']","['Apr 6, 2026 2:19:40 AM PDT']",1.0,['transaction_us_amazon.csv'],['00102-BK'],['item_id'],1,00102-BK
B011IH6M50,['amazon'],"['Bose 738031-1710 Wave SoundTouch Music System IV, Works with Alexa, Espresso Black']","['Apr 17, 2026 5:42:05 AM PDT', 'Apr 28, 2026 11:16:51 AM PDT', 'May 1, 2026 12:27:07 AM PDT']",3.0,['transaction_us_amazon.csv'],['00325-BK'],['item_id'],3,00325-BK
B011IH6MBO,['amazon'],['Bose Wave Music System IV - Espresso Black'],"['Apr 27, 2026 3:41:14 AM PDT', 'Apr 27, 2026 3:44:52 AM PDT', 'Apr 28, 2026 1:02:29 AM PDT', 'Apr 28, 2026 5:56:39 PM PDT']",4.0,['transaction_us_amazon.csv'],['00106-BK'],['item_id'],4,00106-BK
B011IH6N22,['amazon'],['Bose SoundTouch 520 Home Theater System'],"['Apr 23, 2026 12:35:26 AM PDT']",1.0,['transaction_us_amazon.csv'],['00108'],['item_id'],1,00108
B011IKGT46,['amazon'],"['Bose 738102-1100 SoundTouch 30 Wireless Speaker, Works with Alexa, Black']","['Apr 6, 2026 3:00:11 AM PDT']",1.0,['transaction_us_amazon.csv'],['00110-BK'],['item_id'],1,00110-BK
B012B7S46Q,['amazon'],['Bose Solo 15 Series II TV Sound System'],"['Apr 28, 2026 3:15:54 AM PDT']",1.0,['transaction_us_amazon.csv'],['00112'],['item_id'],1,00112
B0183T5TPU,['amazon'],['Bose RC-PWS III Universal Remote Control for Solo TV Sound Systems & CineMate Home Theater Speaker Systems'],"['Apr 7, 2026 9:48:37 PM PDT', 'Apr 27, 2026 5:36:41 PM PDT', 'May 1, 2026 8:01:48 AM PDT', 'May 3, 2026 12:53:15 AM PDT']",4.0,['transaction_us_amazon.csv'],['00114-P-2'],['item_id'],4,00114-P-2
B01AWLPUAG,['amazon'],"['Bose Solo 5 TV Soundbar Sound System with Universal Remote Control, Black']","['Apr 2, 2026 2:33:42 AM PDT', 'Apr 2, 2026 10:10:24 AM PDT', 'Apr 2, 2026 3:14:19 PM PDT', 'Apr 3, 2026 3:39:43 AM PDT', 'Apr 6, 2026 5:59:55 AM PDT', 'Apr 7, 2026 7:22:48 AM PDT', 'Apr 10, 2026 9:31:56 AM PDT', 'Apr 29, 2026 12:45:54 AM PDT', 'May 1, 2026 9:43:21 AM PDT']",9.0,['transaction_us_amazon.csv'],['00326'],['item_id'],9,00326
B01CS07VCE,['amazon'],['Bose Wave Music System (Titanium Silver)'],"['Apr 20, 2026 12:03:30 PM PDT', 'Apr 20, 2026 10:42:10 PM PDT', 'May 3, 2026 2:41:34 AM PDT', 'May 4, 2026 1:48:38 PM PDT']",4.0,['transaction_us_amazon.csv'],['00031-SV'],['item_id'],4,00031-SV
B01F8DKUSA,['amazon'],"[""Bose Lifestyle 30 ' Long Acoustimass Audio Input Cable 9 pin Male Media Center Cable""]","['Apr 7, 2026 3:29:37 AM PDT', 'Apr 20, 2026 1:50:00 AM PDT', 'Apr 24, 2026 12:24:21 PM PDT']",3.0,['transaction_us_amazon.csv'],['00120-P-1'],['item_id'],3,00120-P-1
B01K6P08FA,['amazon'],"['Bose 767397-1110 Wireless Audio System Adapter, Works with Alexa, Black']","['Apr 3, 2026 1:55:21 AM PDT', 'Apr 5, 2026 12:07:40 PM PDT', 'Apr 6, 2026 11:24:03 AM PDT', 'Apr 13, 2026 5:10:50 PM PDT', 'Apr 20, 2026 11:21:22 PM PDT', 'Apr 23, 2026 1:48:38 PM PDT', 'May 4, 2026 7:08:04 AM PDT', 'May 5, 2026 11:02:16 PM PDT', 'May 6, 2026 1:41:35 AM PDT', 'May 7, 2026 9:17:45 PM PDT']",10.0,['transaction_us_amazon.csv'],['00124-P-1-BK'],['item_id'],10,00124-P-1-BK
B01KZHP44Y,['amazon'],"['Bose SoundTouch 300 Soundbar, Works with Alexa']","['Apr 7, 2026 2:56:44 AM PDT']",1.0,['transaction_us_amazon.csv'],['00127'],['item_id'],1,00127
B01KZHPC7I,['amazon'],"['Bose Acoustimass 300 Wireless Bass Module, Black']","['May 1, 2026 1:17:55 AM PDT']",1.0,['transaction_us_amazon.csv'],['00128-BK'],['item_id'],1,00128-BK
B078P88TQG,['amazon'],['Bose Wave Radio AM/FM Alarm Clock'],"['May 3, 2026 8:38:40 AM PDT', 'May 7, 2026 7:53:16 PM PDT']",2.0,['transaction_us_amazon.csv'],['00131'],['item_id'],2,00131
B07F36DGBN,['amazon'],"['Bose Soundbar 500, TV Speakers with Alexa Voice Control Built-in, Black']","['Apr 7, 2026 2:54:28 AM PDT', 'Apr 14, 2026 11:21:33 AM PDT', 'Apr 15, 2026 1:02:04 AM PDT']",3.0,['transaction_us_amazon.csv'],['00135'],['item_id'],3,00135
B07F3BBXJ6,['amazon'],['Bose Bass Module 500 Black'],"['Apr 16, 2026 12:18:31 AM PDT', 'Apr 20, 2026 9:45:32 AM PDT', 'Apr 22, 2026 9:12:39 AM PDT']",3.0,['transaction_us_amazon.csv'],['00133-BK'],['item_id'],3,00133-BK
B07QMZY2JR,['amazon'],"['Bose Surround Speakers 700, White']","['Apr 1, 2026 2:12:37 AM PDT', 'Apr 13, 2026 1:39:14 AM PDT', 'Apr 20, 2026 1:06:20 AM PDT', 'May 1, 2026 1:17:18 AM PDT']",4.0,['transaction_us_amazon.csv'],['00176-WY'],['item_id'],4,00176-WY
B07QQ7PHJJ,['amazon'],"['Bose Surround Speakers 700, Black']","['Apr 24, 2026 12:26:50 PM PDT', 'May 1, 2026 1:27:00 PM PDT', 'May 1, 2026 1:27:06 PM PDT']",3.0,['transaction_us_amazon.csv'],['00176-BK'],['item_id'],3,00176-BK
B07RZVRMS8,['amazon'],['USAV Wall Mount Brackets for White Bose 151 Speaker - Pair'],"['Apr 17, 2026 9:54:43 a.m. PDT', 'Apr 29, 2026 11:18:27 p.m. PDT', 'Apr 3, 2026 12:18:09 AM PDT', 'Apr 7, 2026 9:09:31 AM PDT', 'Apr 10, 2026 9:17:16 PM PDT', 'Apr 11, 2026 8:24:53 PM PDT', 'Apr 13, 2026 4:49:52 AM PDT', 'Apr 13, 2026 10:06:59 AM PDT', 'Apr 13, 2026 10:33:18 AM PDT', 'Apr 15, 2026 9:50:03 AM PDT', 'Apr 16, 2026 1:31:30 AM PDT', 'Apr 16, 2026 1:35:08 AM PDT', 'Apr 17, 2026 9:16:50 PM PDT', 'Apr 18, 2026 4:11:15 PM PDT', 'Apr 20, 2026 8:16:53 PM PDT', 'Apr 23, 2026 3:16:36 PM PDT', 'Apr 24, 2026 8:56:12 PM PDT', 'Apr 26, 2026 7:12:34 PM PDT', 'Apr 27, 2026 4:39:17 AM PDT', 'Apr 30, 2026 6:15:05 PM PDT', 'May 2, 2026 8:19:40 PM PDT', 'May 4, 2026 12:05:44 PM PDT']",23.0,"['transaction_Can_Amazon.csv', 'transaction_us_amazon.csv']",['00005-P-1-WH'],['item_id'],23,00005-P-1-WH
B07S2BN5YC,['amazon'],['Wall Mount Brackets Black (Pair) for Bose 321 Satellite Speakers'],"['Dec 31, 2025 9:40:27 a.m. PST', 'Jan 8, 2026 8:46:42 a.m. PST', 'Feb 7, 2026 5:50:00 p.m. PST', 'Apr 2, 2026 1:02:30 AM PDT', 'Apr 7, 2026 10:40:01 AM PDT', 'Apr 12, 2026 7:26:53 PM PDT', 'Apr 15, 2026 9:09:51 AM PDT', 'Apr 16, 2026 1:42:23 AM PDT', 'Apr 16, 2026 2:47:53 PM PDT', 'Apr 16, 2026 3:45:17 PM PDT', 'Apr 16, 2026 4:52:51 PM PDT', 'Apr 20, 2026 10:37:01 AM PDT', 'Apr 20, 2026 12:24:47 PM PDT', 'Apr 21, 2026 11:20:57 AM PDT', 'Apr 24, 2026 12:45:27 AM PDT', 'Apr 27, 2026 2:08:34 AM PDT', 'Apr 27, 2026 10:11:26 AM PDT', 'Apr 28, 2026 7:46:06 PM PDT', 'Apr 30, 2026 8:11:10 AM PDT', 'May 4, 2026 12:43:47 PM PDT', 'May 4, 2026 4:22:48 PM PDT', 'May 7, 2026 10:58:46 AM PDT']",22.0,"['transaction_Can_Amazon.csv', 'transaction_us_amazon.csv']",['00046-P-3-BK'],['item_id'],22,00046-P-3-BK
B07SQBGTPN,['amazon'],['Wall Mount Brackets Black (Pair) for Bose Cinemate Series II Satellite Speakers'],"['Jan 6, 2026 1:54:08 a.m. PST', 'Jan 8, 2026 7:31:12 a.m. PST', 'Jan 11, 2026 3:31:13 a.m. PST', 'Jan 13, 2026 8:37:36 p.m. PST', 'Jan 21, 2026 12:55:02 p.m. PST', 'Jan 24, 2026 8:27:57 a.m. PST', 'Jan 30, 2026 10:57:45 a.m. PST', 'Mar 4, 2026 10:39:16 p.m. PST', 'Apr 27, 2026 2:38:33 a.m. PDT', 'May 1, 2026 3:04:39 a.m. PDT', 'May 1, 2026 10:24:46 p.m. PDT', 'Apr 1, 2026 1:09:45 PM PDT', 'Apr 1, 2026 8:10:17 PM PDT', 'Apr 2, 2026 9:39:56 AM PDT', 'Apr 3, 2026 8:24:56 PM PDT', 'Apr 8, 2026 10:40:21 PM PDT', 'Apr 9, 2026 1:57:58 PM PDT', 'Apr 12, 2026 9:15:23 AM PDT', 'Apr 12, 2026 6:31:18 PM PDT', 'Apr 16, 2026 2:56:34 AM PDT', 'Apr 17, 2026 12:02:12 AM PDT', 'Apr 19, 2026 9:30:31 AM PDT', 'Apr 19, 2026 1:02:49 PM PDT', 'Apr 21, 2026 2:30:50 PM PDT', 'Apr 22, 2026 7:32:41 PM PDT', 'Apr 23, 2026 3:42:27 AM PDT', 'Apr 23, 2026 4:12:29 PM PDT', 'Apr 24, 2026 2:19:08 AM PDT', 'Apr 24, 2026 9:04:11 AM PDT', 'Apr 24, 2026 4:46:18 PM PDT', 'Apr 30, 2026 2:01:09 PM PDT', 'May 1, 2026 11:20:48 PM PDT', 'May 4, 2026 10:24:07 AM PDT', 'May 4, 2026 6:56:26 PM PDT', 'May 5, 2026 4:44:21 AM PDT', 'May 7, 2026 4:14:05 PM PDT']",38.0,"['transaction_Can_Amazon.csv', 'transaction_us_amazon.csv']",['00044-P-1-BK'],['item_id'],37,00044-P-1-BK
B07W82BYZK,['amazon'],['USAV HDMI Output Upgrade Kit for Bose 321 Series II'],"['Apr 8, 2026 2:22:50 AM PDT', 'Apr 20, 2026 1:50:14 AM PDT', 'Apr 22, 2026 1:28:57 PM PDT', 'May 7, 2026 9:05:31 AM PDT']",4.0,['transaction_us_amazon.csv'],['00046-P-16'],['item_id'],4,00046-P-16
B088KRPCQJ,['amazon'],"['Bose TV Speaker - Soundbar for TV with Bluetooth and HDMI-ARC Connectivity, All-in-One Compact Soundbar, Includes Remote Control, Black']","['Apr 9, 2026 8:16:15 AM PDT', 'Apr 23, 2026 12:35:35 AM PDT', 'Apr 28, 2026 1:02:20 AM PDT', 'Apr 28, 2026 9:42:52 AM PDT', 'Apr 30, 2026 12:50:04 AM PDT']",5.0,['transaction_us_amazon.csv'],['00138-BK'],['item_id'],5,00138-BK
B08HMCW5JK,['amazon'],['USAV Solutions Metal Wall Mount Brackets for Black Bose 151 Speaker - Pair'],"['Mar 24, 2026 9:51:50 a.m. PDT', 'Apr 5, 2026 2:30:34 a.m. PDT', 'Apr 4, 2026 4:56:55 PM PDT', 'Apr 9, 2026 2:48:59 PM PDT', 'Apr 10, 2026 12:28:33 AM PDT', 'Apr 11, 2026 11:01:57 PM PDT', 'Apr 12, 2026 12:54:23 PM PDT', 'Apr 16, 2026 10:43:13 PM PDT', 'Apr 17, 2026 10:35:10 PM PDT', 'Apr 20, 2026 3:11:22 PM PDT', 'Apr 23, 2026 3:38:59 PM PDT', 'Apr 25, 2026 5:46:22 PM PDT', 'Apr 30, 2026 4:50:35 AM PDT', 'May 1, 2026 2:50:37 PM PDT', 'May 3, 2026 11:40:30 AM PDT', 'May 4, 2026 11:39:44 AM PDT']",17.0,"['transaction_Can_Amazon.csv', 'transaction_us_amazon.csv']",['00005-P-1-BK'],['item_id'],16,00005-P-1-BK
B0B5CHTXD6,['amazon'],['USAV Wall Mount Brackets for Black Bose 161 151 SE Speaker - Pair'],"['Mar 13, 2026 8:58:36 p.m. PDT', 'Apr 19, 2026 2:30:46 a.m. PDT', 'Apr 5, 2026 6:18:37 PM PDT', 'Apr 8, 2026 4:09:29 PM PDT', 'Apr 9, 2026 8:07:45 PM PDT', 'Apr 12, 2026 9:46:34 PM PDT', 'Apr 13, 2026 8:28:04 PM PDT', 'Apr 17, 2026 1:36:03 AM PDT', 'Apr 20, 2026 4:07:37 PM PDT', 'Apr 30, 2026 6:25:28 PM PDT', 'May 2, 2026 10:08:35 PM PDT', 'May 4, 2026 10:40:15 PM PDT', 'May 7, 2026 5:55:53 PM PDT']",14.0,"['transaction_Can_Amazon.csv', 'transaction_us_amazon.csv']",['00007-P-4-BK'],['item_id'],13,00007-P-4-BK
B0B5FPB9PR,['amazon'],['USAV Wall Mount Brackets Black (Pair) for Bose Lifestyle 18/28/38 Satellite Speaker'],"['Apr 14, 2026 2:37:58 AM PDT', 'Apr 14, 2026 8:17:01 AM PDT', 'May 3, 2026 2:16:40 AM PDT']",6.0,['transaction_us_amazon.csv'],['00244-P-1-BK'],['item_id'],3,00244-P-1-BK
B0BDTGPZHW,['amazon'],['USAV 20FT Speaker Cable for Front Bose Cube Speaker Acoustimass Lifestyle - Single'],"['Apr 2, 2026 11:41:38 AM PDT']",1.0,['transaction_us_amazon.csv'],['00049-P-2'],['item_id'],1,00049-P-2
B0BDTJKS7R,['amazon'],['USAV Wall Mount Ceiling Bracket for Bose Jewel Cube Speaker - Pair Black'],"['Jan 2, 2026 1:59:46 a.m. PST', 'Jan 2, 2026 2:00:47 a.m. PST', 'Jan 2, 2026 10:32:37 a.m. PST', 'Jan 6, 2026 12:42:56 a.m. PST', 'Jan 7, 2026 1:55:10 a.m. PST', 'Jan 7, 2026 2:36:05 a.m. PST', 'Jan 20, 2026 11:38:59 p.m. PST', 'Jan 23, 2026 2:31:18 a.m. PST', 'Jan 29, 2026 5:20:07 a.m. PST', 'Feb 3, 2026 9:51:52 a.m. PST', 'Feb 5, 2026 5:20:12 p.m. PST', 'Feb 13, 2026 5:26:07 a.m. PST', 'Feb 18, 2026 6:21:20 p.m. PST', 'Feb 20, 2026 7:57:37 a.m. PST', 'Feb 26, 2026 10:21:58 p.m. PST', 'Feb 26, 2026 11:22:35 p.m. PST', 'Feb 28, 2026 11:27:11 p.m. PST', 'Mar 3, 2026 10:21:48 p.m. PST', 'Mar 15, 2026 10:45:27 p.m. PDT', 'Mar 17, 2026 10:32:40 a.m. PDT', 'Mar 21, 2026 11:18:28 p.m. PDT', 'May 7, 2026 9:27:55 p.m. PDT', 'Apr 1, 2026 3:55:46 AM PDT', 'Apr 2, 2026 8:57:24 PM PDT', 'Apr 4, 2026 1:01:24 PM PDT', 'Apr 4, 2026 4:17:23 PM PDT', 'Apr 6, 2026 4:44:38 AM PDT', 'Apr 7, 2026 11:17:18 PM PDT', 'Apr 8, 2026 3:22:25 PM PDT', 'Apr 12, 2026 9:34:50 AM PDT', 'Apr 14, 2026 11:53:22 AM PDT', 'Apr 15, 2026 9:31:32 PM PDT', 'Apr 17, 2026 7:50:41 PM PDT', 'Apr 19, 2026 6:14:45 PM PDT', 'Apr 23, 2026 12:50:14 PM PDT', 'Apr 26, 2026 5:54:09 PM PDT', 'Apr 28, 2026 4:34:02 PM PDT', 'Apr 29, 2026 1:15:02 PM PDT', 'May 2, 2026 2:40:38 AM PDT', 'May 4, 2026 8:38:22 AM PDT', 'May 5, 2026 12:36:22 AM PDT', 'May 6, 2026 11:17:36 PM PDT', 'May 7, 2026 2:47:24 AM PDT']",66.0,"['transaction_Can_Amazon.csv', 'transaction_us_amazon.csv']",['00129-P-1-BK'],['item_id'],46,00129-P-1-BK
B0BDTJNQ86,['amazon'],['USAV Set of 5 Speaker Cable for Bose Lifestyle Acoustimass System - RCA to Bare Wire'],"['Jan 2, 2026 10:15:06 p.m. PST', 'Jan 11, 2026 1:10:54 a.m. PST', 'Jan 16, 2026 8:46:21 a.m. PST', 'Feb 2, 2026 11:25:11 p.m. PST', 'Mar 21, 2026 10:29:01 a.m. PDT', 'Apr 8, 2026 10:49:35 p.m. PDT', 'Apr 9, 2026 11:04:11 p.m. PDT', 'Apr 16, 2026 5:36:37 p.m. PDT', 'Apr 25, 2026 9:59:52 p.m. PDT', 'Apr 30, 2026 1:22:57 p.m. PDT', 'May 3, 2026 9:19:32 a.m. PDT', 'Apr 1, 2026 9:26:30 AM PDT', 'Apr 4, 2026 2:44:55 PM PDT', 'Apr 4, 2026 8:55:28 PM PDT', 'Apr 4, 2026 10:43:09 PM PDT', 'Apr 8, 2026 4:15:55 PM PDT', 'Apr 11, 2026 7:09:14 PM PDT', 'Apr 12, 2026 8:27:04 AM PDT', 'Apr 13, 2026 3:58:27 AM PDT', 'Apr 14, 2026 8:13:51 PM PDT', 'Apr 16, 2026 10:15:26 PM PDT', 'Apr 18, 2026 10:06:45 PM PDT', 'Apr 19, 2026 2:30:46 PM PDT', 'Apr 20, 2026 10:26:21 AM PDT', 'Apr 20, 2026 5:47:44 PM PDT', 'Apr 21, 2026 1:08:08 PM PDT', 'Apr 23, 2026 1:14:38 AM PDT', 'Apr 26, 2026 3:35:13 PM PDT', 'Apr 27, 2026 9:28:56 PM PDT', 'Apr 28, 2026 4:49:43 PM PDT', 'Apr 30, 2026 2:11:35 AM PDT', 'Apr 30, 2026 4:26:56 AM PDT', 'Apr 30, 2026 7:25:48 AM PDT', 'May 1, 2026 12:27:59 PM PDT', 'May 1, 2026 1:14:22 PM PDT', 'May 3, 2026 7:10:00 PM PDT', 'May 5, 2026 2:31:18 PM PDT', 'May 7, 2026 3:10:07 PM PDT']",38.0,"['transaction_Can_Amazon.csv', 'transaction_us_amazon.csv']",['00148-P-1'],['item_id'],38,00148-P-1
B0BRMV6CJR,['amazon'],"['Bose 251 Outdoor Environmental Speakers (Pair), Black with Music Amplifier']","['Apr 16, 2026 12:32:14 PM PDT', 'Apr 21, 2026 1:37:42 AM PDT', 'Apr 27, 2026 3:42:08 AM PDT', 'May 4, 2026 2:43:42 AM PDT']",4.0,['transaction_us_amazon.csv'],['00123-BK'],['item_id'],4,00123-BK
B0BRMV97WL,['amazon'],"[""Bose 2 Pack 251 Outdoor Environmental Speakers (Pair), White with H&A 16 AWG Speaker Wire 100'""]","['Apr 8, 2026 9:17:22 AM PDT', 'Apr 10, 2026 1:48:37 AM PDT', 'Apr 16, 2026 1:06:14 PM PDT']",4.0,['transaction_us_amazon.csv'],['00123-WH'],['item_id'],3,00123-WH
B0BRMW5MSJ,['amazon'],"[""2 Pack 251 Outdoor Environmental Speakers (Pair), Black with H&A 16 AWG Speaker Wire 100'""]","['Apr 1, 2026 2:10:36 AM PDT', 'Apr 20, 2026 1:06:53 AM PDT', 'Apr 24, 2026 10:09:54 AM PDT']",3.0,['transaction_us_amazon.csv'],['00123-BK'],['item_id'],3,00123-BK
B0C777KR3Q,['amazon'],['USAV OEM Replacement Speaker Cable for Bose Jewel Cube Speaker Cable/Wire 40ft'],"['Apr 6, 2026 3:31:01 AM PDT']",1.0,['transaction_us_amazon.csv'],['00129-P-3'],['item_id'],1,00129-P-3
B0C79CH1VD,['amazon'],"[""USAV OEM Bose 'Jewel' Cube Speaker Cable/Wire 20ft""]","['Apr 6, 2026 3:30:47 AM PDT', 'Apr 7, 2026 3:30:12 AM PDT', 'May 5, 2026 2:42:22 AM PDT']",7.0,['transaction_us_amazon.csv'],['00129-P-4'],['item_id'],3,00129-P-4
B0C79M1QCM,['amazon'],['50 ft RCA to Bare Wire Speaker Cable for Rear Bose Cube Speakers/Acoustimass Lifestyle Systems - Single - White'],"['Feb 20, 2026 1:52:09 a.m. PST', 'Apr 2, 2026 2:15:33 AM PDT', 'Apr 6, 2026 3:31:30 AM PDT', 'Apr 7, 2026 3:30:21 AM PDT', 'Apr 13, 2026 2:01:17 AM PDT', 'Apr 20, 2026 9:45:54 AM PDT', 'May 4, 2026 5:21:39 AM PDT']",8.0,"['transaction_Can_Amazon.csv', 'transaction_us_amazon.csv']",['00148-P-7-WH'],"['item_name', 'item_id']",7,00148-P-7-WH
B0C79P9K65,['amazon'],"['USAV OEM Bluetooth Adapter for Bose Wave Music System II III IV AWRCC1, AWRCC2']","['Apr 1, 2026 11:42:38 AM PDT', 'Apr 1, 2026 12:11:03 PM PDT', 'Apr 1, 2026 5:27:49 PM PDT', 'Apr 1, 2026 8:23:12 PM PDT', 'Apr 1, 2026 8:29:24 PM PDT', 'Apr 1, 2026 8:46:51 PM PDT', 'Apr 1, 2026 9:26:47 PM PDT', 'Apr 1, 2026 10:22:15 PM PDT', 'Apr 1, 2026 11:18:26 PM PDT', 'Apr 2, 2026 2:41:13 AM PDT', 'Apr 2, 2026 9:36:53 AM PDT', 'Apr 2, 2026 11:19:24 AM PDT', 'Apr 2, 2026 5:16:14 PM PDT', 'Apr 2, 2026 7:07:18 PM PDT', 'Apr 3, 2026 12:00:55 AM PDT', 'Apr 3, 2026 2:25:20 AM PDT', 'Apr 3, 2026 7:05:38 AM PDT', 'Apr 3, 2026 9:10:54 AM PDT', 'Apr 3, 2026 10:05:46 AM PDT', 'Apr 3, 2026 10:24:18 AM PDT', 'Apr 3, 2026 2:48:50 PM PDT', 'Apr 3, 2026 8:09:28 PM PDT', 'Apr 3, 2026 11:03:27 PM PDT', 'Apr 4, 2026 11:40:46 AM PDT', 'Apr 4, 2026 2:06:36 PM PDT', 'Apr 4, 2026 3:06:08 PM PDT', 'Apr 4, 2026 5:13:45 PM PDT', 'Apr 4, 2026 6:37:37 PM PDT', 'Apr 4, 2026 8:19:18 PM PDT', 'Apr 4, 2026 10:38:06 PM PDT', 'Apr 4, 2026 10:56:55 PM PDT', 'Apr 5, 2026 12:02:35 AM PDT', 'Apr 5, 2026 9:09:17 AM PDT', 'Apr 5, 2026 1:09:46 PM PDT', 'Apr 5, 2026 8:01:52 PM PDT', 'Apr 6, 2026 12:50:28 AM PDT', 'Apr 6, 2026 2:21:53 PM PDT', 'Apr 6, 2026 3:28:04 PM PDT', 'Apr 6, 2026 9:26:19 PM PDT', 'Apr 6, 2026 10:38:13 PM PDT', 'Apr 6, 2026 11:25:48 PM PDT', 'Apr 7, 2026 12:21:09 AM PDT', 'Apr 7, 2026 11:17:08 AM PDT', 'Apr 7, 2026 11:45:32 AM PDT', 'Apr 7, 2026 9:26:01 PM PDT', 'Apr 7, 2026 10:46:20 PM PDT', 'Apr 7, 2026 10:52:39 PM PDT', 'Apr 8, 2026 3:14:02 AM PDT', 'Apr 8, 2026 9:53:59 AM PDT', 'Apr 8, 2026 10:33:41 AM PDT', 'Apr 8, 2026 11:58:38 AM PDT', 'Apr 8, 2026 2:13:23 PM PDT', 'Apr 8, 2026 5:35:40 PM PDT', 'Apr 8, 2026 8:35:54 PM PDT', 'Apr 8, 2026 8:51:29 PM PDT', 'Apr 9, 2026 12:53:59 AM PDT', 'Apr 9, 2026 5:47:13 AM PDT', 'Apr 9, 2026 2:21:55 PM PDT', 'Apr 9, 2026 7:18:31 PM PDT', 'Apr 9, 2026 7:49:06 PM PDT', 'Apr 9, 2026 9:34:42 PM PDT', 'Apr 10, 2026 6:53:19 PM PDT', 'Apr 10, 2026 7:46:53 PM PDT', 'Apr 10, 2026 10:27:44 PM PDT', 'Apr 10, 2026 11:50:46 PM PDT', 'Apr 11, 2026 3:34:58 AM PDT', 'Apr 11, 2026 5:09:20 AM PDT', 'Apr 11, 2026 7:59:38 AM PDT', 'Apr 11, 2026 5:59:12 PM PDT', 'Apr 11, 2026 11:17:56 PM PDT', 'Apr 12, 2026 12:17:43 AM PDT', 'Apr 12, 2026 12:58:20 AM PDT', 'Apr 12, 2026 11:36:39 AM PDT', 'Apr 12, 2026 12:33:36 PM PDT', 'Apr 12, 2026 2:41:39 PM PDT', 'Apr 12, 2026 5:14:42 PM PDT', 'Apr 12, 2026 9:41:38 PM PDT', 'Apr 12, 2026 10:28:03 PM PDT', 'Apr 13, 2026 10:18:02 AM PDT', 'Apr 13, 2026 12:00:30 PM PDT', 'Apr 13, 2026 10:19:34 PM PDT', 'Apr 14, 2026 1:30:05 AM PDT', 'Apr 14, 2026 2:11:18 PM PDT', 'Apr 14, 2026 4:55:53 PM PDT', 'Apr 14, 2026 7:15:12 PM PDT', 'Apr 14, 2026 10:13:34 PM PDT', 'Apr 15, 2026 1:30:49 AM PDT', 'Apr 15, 2026 2:21:46 AM PDT', 'Apr 15, 2026 5:48:42 PM PDT', 'Apr 16, 2026 2:28:08 PM PDT', 'Apr 16, 2026 8:50:08 PM PDT', 'Apr 16, 2026 9:12:26 PM PDT', 'Apr 16, 2026 9:21:20 PM PDT', 'Apr 17, 2026 12:48:33 AM PDT', 'Apr 17, 2026 11:23:49 AM PDT', 'Apr 17, 2026 5:16:45 PM PDT', 'Apr 17, 2026 5:20:48 PM PDT', 'Apr 17, 2026 5:40:38 PM PDT', 'Apr 17, 2026 7:09:10 PM PDT', 'Apr 17, 2026 9:25:56 PM PDT', 'Apr 17, 2026 10:10:51 PM PDT', 'Apr 18, 2026 8:01:09 PM PDT', 'Apr 18, 2026 8:24:13 PM PDT', 'Apr 18, 2026 10:47:05 PM PDT', 'Apr 18, 2026 11:39:24 PM PDT', 'Apr 19, 2026 10:06:05 AM PDT', 'Apr 19, 2026 1:00:29 PM PDT', 'Apr 19, 2026 9:01:18 PM PDT', 'Apr 19, 2026 10:47:03 PM PDT', 'Apr 20, 2026 6:05:05 PM PDT', 'Apr 20, 2026 10:25:52 PM PDT', 'Apr 20, 2026 10:42:33 PM PDT', 'Apr 20, 2026 11:40:59 PM PDT', 'Apr 21, 2026 1:52:11 PM PDT', 'Apr 21, 2026 7:11:06 PM PDT', 'Apr 21, 2026 8:08:27 PM PDT', 'Apr 21, 2026 11:01:28 PM PDT', 'Apr 22, 2026 12:27:08 AM PDT', 'Apr 22, 2026 1:53:17 AM PDT', 'Apr 22, 2026 8:24:09 AM PDT', 'Apr 22, 2026 10:15:57 AM PDT', 'Apr 22, 2026 12:59:52 PM PDT', 'Apr 22, 2026 10:59:30 PM PDT', 'Apr 22, 2026 11:47:27 PM PDT', 'Apr 23, 2026 7:53:55 AM PDT', 'Apr 23, 2026 6:07:06 PM PDT', 'Apr 23, 2026 8:58:28 PM PDT', 'Apr 23, 2026 11:12:57 PM PDT', 'Apr 24, 2026 11:05:04 AM PDT', 'Apr 24, 2026 1:20:34 PM PDT', 'Apr 24, 2026 11:46:47 PM PDT', 'Apr 25, 2026 12:04:22 AM PDT', 'Apr 25, 2026 7:19:14 AM PDT', 'Apr 25, 2026 9:27:21 PM PDT', 'Apr 26, 2026 3:35:00 PM PDT', 'Apr 26, 2026 8:34:13 PM PDT', 'Apr 26, 2026 8:54:33 PM PDT', 'Apr 26, 2026 9:19:20 PM PDT', 'Apr 27, 2026 2:26:18 AM PDT', 'Apr 27, 2026 9:44:57 AM PDT', 'Apr 27, 2026 3:07:46 PM PDT', 'Apr 27, 2026 4:03:38 PM PDT', 'Apr 27, 2026 9:09:11 PM PDT', 'Apr 27, 2026 11:07:16 PM PDT', 'Apr 28, 2026 12:12:15 PM PDT', 'Apr 28, 2026 12:32:15 PM PDT', 'Apr 28, 2026 5:03:46 PM PDT', 'Apr 29, 2026 7:06:46 PM PDT', 'Apr 30, 2026 12:05:39 AM PDT', 'Apr 30, 2026 3:54:24 AM PDT', 'Apr 30, 2026 5:45:46 AM PDT', 'Apr 30, 2026 1:41:14 PM PDT', 'Apr 30, 2026 5:54:42 PM PDT', 'Apr 30, 2026 6:28:36 PM PDT', 'Apr 30, 2026 9:46:31 PM PDT', 'Apr 30, 2026 11:14:28 PM PDT', 'Apr 30, 2026 11:18:25 PM PDT', 'May 1, 2026 9:45:49 AM PDT', 'May 1, 2026 10:02:41 AM PDT', 'May 1, 2026 11:28:40 PM PDT', 'May 2, 2026 12:24:31 AM PDT', 'May 2, 2026 10:12:48 AM PDT', 'May 2, 2026 5:29:18 PM PDT', 'May 2, 2026 10:38:36 PM PDT', 'May 2, 2026 11:45:46 PM PDT', 'May 3, 2026 9:20:01 AM PDT', 'May 3, 2026 1:48:55 PM PDT', 'May 3, 2026 6:55:38 PM PDT', 'May 3, 2026 10:57:47 PM PDT', 'May 3, 2026 11:54:59 PM PDT', 'May 4, 2026 12:10:12 AM PDT', 'May 4, 2026 11:25:39 AM PDT', 'May 4, 2026 11:42:23 PM PDT', 'May 5, 2026 2:59:39 PM PDT', 'May 5, 2026 4:21:21 PM PDT', 'May 5, 2026 7:13:55 PM PDT', 'May 5, 2026 10:25:37 PM PDT', 'May 6, 2026 12:01:25 PM PDT', 'May 6, 2026 7:06:57 PM PDT', 'May 6, 2026 10:10:30 PM PDT', 'May 7, 2026 1:23:43 AM PDT', 'May 7, 2026 7:58:15 AM PDT', 'May 7, 2026 6:56:15 PM PDT', 'May 7, 2026 10:47:30 PM PDT']",188.0,['transaction_us_amazon.csv'],['00149'],['item_id'],185,00149
B0C7B2RPM4,['amazon'],"['USAV OEM Bluetooth Adapter for Bose Wave Radio CD IV III II AWRCC1, AWRCC2']","['Apr 3, 2026 9:14:47 PM PDT', 'Apr 6, 2026 7:14:34 AM PDT', 'Apr 15, 2026 5:44:07 AM PDT', 'Apr 27, 2026 1:18:58 AM PDT', 'Apr 30, 2026 1:04:56 PM PDT', 'Apr 30, 2026 11:33:55 PM PDT']",6.0,['transaction_us_amazon.csv'],['00149'],['item_id'],6,00149
B0C7B348MY,['amazon'],"['USAV Bose Wave Music System II III IV AWRCC1, AWRCC2 - OEM Bluetooth Adapter Only']","['Apr 1, 2026 3:05:11 AM PDT', 'Apr 1, 2026 11:19:08 PM PDT', 'Apr 4, 2026 8:46:51 PM PDT', 'Apr 5, 2026 6:21:03 PM PDT', 'Apr 6, 2026 7:15:36 PM PDT', 'Apr 6, 2026 11:33:42 PM PDT', 'Apr 9, 2026 3:24:22 AM PDT', 'Apr 14, 2026 2:26:15 PM PDT', 'Apr 20, 2026 3:10:18 PM PDT', 'Apr 25, 2026 8:07:01 AM PDT', 'Apr 26, 2026 7:16:14 AM PDT', 'Apr 26, 2026 2:55:04 PM PDT', 'Apr 30, 2026 2:36:31 AM PDT', 'Apr 30, 2026 2:48:21 PM PDT', 'May 3, 2026 7:48:43 PM PDT']",15.0,['transaction_us_amazon.csv'],['00149'],['item_id'],15,00149
B0C7FJZC73,['amazon'],['USAV OEM Bluetooth Adapter for Bose Lifestyle | Bose 321'],"['Apr 2, 2026 1:59:50 PM PDT', 'Apr 3, 2026 12:44:17 AM PDT', 'Apr 3, 2026 9:12:14 AM PDT', 'Apr 3, 2026 12:24:56 PM PDT', 'Apr 6, 2026 7:13:58 AM PDT', 'Apr 7, 2026 2:05:34 PM PDT', 'Apr 7, 2026 6:46:10 PM PDT', 'Apr 10, 2026 12:00:03 AM PDT', 'Apr 10, 2026 9:14:42 PM PDT', 'Apr 11, 2026 12:04:34 AM PDT', 'Apr 13, 2026 5:49:11 PM PDT', 'Apr 13, 2026 5:51:00 PM PDT', 'Apr 13, 2026 5:52:56 PM PDT', 'Apr 14, 2026 8:05:09 PM PDT', 'Apr 19, 2026 4:54:35 PM PDT', 'Apr 19, 2026 9:40:51 PM PDT', 'Apr 20, 2026 7:06:05 AM PDT', 'Apr 20, 2026 7:50:06 AM PDT', 'Apr 20, 2026 3:12:15 PM PDT', 'Apr 21, 2026 11:29:17 AM PDT', 'May 1, 2026 5:19:24 PM PDT', 'May 2, 2026 10:05:31 AM PDT', 'May 3, 2026 6:45:42 PM PDT', 'May 3, 2026 11:27:23 PM PDT', 'May 4, 2026 11:14:41 AM PDT', 'May 5, 2026 11:44:52 AM PDT', 'May 7, 2026 5:18:57 PM PDT']",27.0,['transaction_us_amazon.csv'],['00149'],['item_id'],27,00149
B0C7FKCYK2,['amazon'],['USAV OEM Bluetooth Adapter for Bose Wave Radio CD Player AWRC-1G AWRC-1P'],"['Apr 1, 2026 7:07:27 PM PDT', 'Apr 2, 2026 10:58:20 AM PDT', 'Apr 4, 2026 3:17:45 AM PDT', 'Apr 4, 2026 7:59:09 PM PDT', 'Apr 6, 2026 1:21:36 AM PDT', 'Apr 10, 2026 9:37:25 AM PDT', 'Apr 11, 2026 9:39:26 PM PDT', 'Apr 12, 2026 2:49:35 AM PDT', 'Apr 14, 2026 5:46:19 PM PDT', 'Apr 18, 2026 12:16:46 AM PDT', 'Apr 18, 2026 1:13:49 AM PDT', 'Apr 20, 2026 3:45:12 PM PDT', 'Apr 22, 2026 9:22:05 PM PDT', 'Apr 23, 2026 1:11:27 PM PDT', 'Apr 24, 2026 1:54:14 AM PDT', 'Apr 24, 2026 11:10:28 PM PDT', 'Apr 26, 2026 1:42:15 AM PDT', 'Apr 27, 2026 3:05:34 PM PDT', 'Apr 28, 2026 12:52:58 AM PDT', 'Apr 28, 2026 1:52:40 AM PDT', 'Apr 28, 2026 11:07:18 PM PDT', 'Apr 28, 2026 11:40:19 PM PDT', 'Apr 29, 2026 1:46:53 PM PDT', 'May 5, 2026 10:25:52 AM PDT', 'May 5, 2026 9:25:56 PM PDT']",25.0,['transaction_us_amazon.csv'],['00149'],['item_id'],25,00149
B0C86RY5HJ,['amazon'],['Replacement Power Supply Model DCS91 Adapter 33V 1.1A MAX for Bose AV18 AV28 AV38 AV48'],"['Apr 7, 2026 3:29:45 AM PDT']",1.0,['transaction_us_amazon.csv'],['00151-P-1'],['item_id'],1,00151-P-1
B0C872MDMR,['amazon'],"['USAV 16AWG 20FT Speaker Wire RCA Adapter Plug to Bare Wire for AV Receiver, Speakers Stereo Wire Cord to RCA - Pair']","['Apr 7, 2026 12:19:48 AM PDT', 'Apr 10, 2026 12:33:57 AM PDT', 'Apr 11, 2026 4:31:20 PM PDT', 'Apr 17, 2026 12:06:03 PM PDT', 'Apr 19, 2026 1:47:30 AM PDT', 'Apr 25, 2026 9:46:37 PM PDT', 'Apr 29, 2026 11:56:43 PM PDT', 'Apr 30, 2026 6:41:29 PM PDT', 'May 3, 2026 2:05:54 AM PDT']",9.0,['transaction_us_amazon.csv'],['00152-P-1'],['item_id'],9,00152-P-1
B0C8BZJWD5,['amazon'],['USAV Solutions Set of Black Speaker Cable with Bose RCA Adapter for Bose Acoustimass 16 15 II'],"['Apr 2, 2026 11:42:25 AM PDT', 'Apr 6, 2026 3:31:05 AM PDT']",2.0,['transaction_us_amazon.csv'],['00197-P-2-BK'],['item_id'],2,00197-P-2-BK
B0C8RMX2DZ,['amazon'],['USAV Solutions Set of 5 Speaker Cable for Bose Lifestyle Acoustimass System - RCA to Bare Wire - White'],"['Mar 19, 2026 11:57:17 a.m. PDT', 'Apr 5, 2026 3:18:00 PM PDT', 'Apr 6, 2026 12:49:59 PM PDT', 'Apr 8, 2026 10:38:28 AM PDT', 'Apr 24, 2026 9:10:32 PM PDT', 'Apr 25, 2026 8:55:56 PM PDT', 'Apr 28, 2026 12:40:01 PM PDT', 'May 2, 2026 1:50:03 AM PDT', 'May 4, 2026 10:01:41 AM PDT', 'May 4, 2026 10:47:45 PM PDT']",10.0,"['transaction_Can_Amazon.csv', 'transaction_us_amazon.csv']",['00148-P-1-WH'],['item_id'],10,00148-P-1-WH
B0CS277DCR,['amazon'],"['USAV OEM Bluetooth Adapter for Bose Wave Music System II III IV AWRCC1, AWRCC2', 'USAV OEM Bluetooth Adapter for Bose Wave Music System with Multi CD Changer']","['Apr 3, 2026 12:58:20 AM PDT', 'Apr 5, 2026 12:01:27 PM PDT', 'Apr 5, 2026 9:04:09 PM PDT', 'Apr 6, 2026 3:30:47 AM PDT', 'Apr 6, 2026 3:31:01 AM PDT', 'Apr 6, 2026 8:10:35 PM PDT', 'Apr 8, 2026 2:26:32 AM PDT', 'Apr 8, 2026 3:03:13 PM PDT', 'Apr 8, 2026 4:40:22 PM PDT', 'Apr 8, 2026 7:14:29 PM PDT', 'Apr 9, 2026 3:02:24 AM PDT', 'Apr 9, 2026 7:26:26 PM PDT', 'Apr 10, 2026 12:13:16 AM PDT', 'Apr 10, 2026 2:28:13 PM PDT', 'Apr 12, 2026 11:36:59 AM PDT', 'Apr 12, 2026 5:54:09 PM PDT', 'Apr 12, 2026 10:56:41 PM PDT', 'Apr 13, 2026 2:00:55 AM PDT', 'Apr 13, 2026 6:28:05 PM PDT', 'Apr 14, 2026 3:45:40 PM PDT', 'Apr 15, 2026 3:29:10 PM PDT', 'Apr 15, 2026 11:26:02 PM PDT', 'Apr 16, 2026 1:53:54 AM PDT', 'Apr 16, 2026 10:30:21 AM PDT', 'Apr 16, 2026 12:22:02 PM PDT', 'Apr 16, 2026 5:31:43 PM PDT', 'Apr 16, 2026 6:18:33 PM PDT', 'Apr 17, 2026 12:01:10 AM PDT', 'Apr 17, 2026 3:42:19 AM PDT', 'Apr 18, 2026 4:50:12 PM PDT', 'Apr 18, 2026 7:26:39 PM PDT', 'Apr 18, 2026 11:41:28 PM PDT', 'Apr 19, 2026 2:22:56 AM PDT', 'Apr 19, 2026 3:57:18 PM PDT', 'Apr 19, 2026 5:02:14 PM PDT', 'Apr 19, 2026 10:15:07 PM PDT', 'Apr 19, 2026 10:31:29 PM PDT', 'Apr 20, 2026 12:23:28 AM PDT', 'Apr 20, 2026 4:02:37 AM PDT', 'Apr 20, 2026 8:56:31 AM PDT', 'Apr 20, 2026 4:22:48 PM PDT', 'Apr 21, 2026 11:46:59 AM PDT', 'Apr 21, 2026 12:02:48 PM PDT', 'Apr 21, 2026 1:24:09 PM PDT', 'Apr 22, 2026 1:58:36 AM PDT', 'Apr 23, 2026 2:36:10 AM PDT', 'Apr 23, 2026 5:46:42 PM PDT', 'Apr 24, 2026 4:15:21 PM PDT', 'Apr 25, 2026 8:30:11 PM PDT', 'Apr 26, 2026 10:41:25 AM PDT', 'Apr 27, 2026 8:22:58 AM PDT', 'Apr 27, 2026 9:51:33 AM PDT', 'Apr 27, 2026 12:45:57 PM PDT', 'Apr 28, 2026 9:43:02 AM PDT', 'Apr 28, 2026 5:57:30 PM PDT', 'Apr 29, 2026 9:28:48 AM PDT', 'Apr 29, 2026 6:56:26 PM PDT', 'May 1, 2026 10:23:25 AM PDT', 'May 1, 2026 12:11:21 PM PDT', 'May 2, 2026 8:28:02 AM PDT', 'May 2, 2026 3:17:59 PM PDT', 'May 2, 2026 6:15:19 PM PDT', 'May 2, 2026 11:42:13 PM PDT', 'May 3, 2026 2:30:39 AM PDT', 'May 3, 2026 4:59:16 PM PDT', 'May 3, 2026 7:30:49 PM PDT', 'May 4, 2026 3:19:28 AM PDT', 'May 4, 2026 12:16:13 PM PDT', 'May 5, 2026 9:32:05 AM PDT', 'May 5, 2026 2:12:33 PM PDT', 'May 6, 2026 11:01:58 PM PDT', 'May 7, 2026 2:43:54 PM PDT']",74.0,['transaction_us_amazon.csv'],['00149'],['item_id'],73,00149
B0CVR15NP8,['amazon'],['USAV Wall Mount Brackets for White Bose 101 Speaker - Pair'],"['Apr 2, 2026 2:15:08 AM PDT', 'Apr 6, 2026 3:31:19 AM PDT', 'Apr 13, 2026 2:01:12 AM PDT', 'Apr 13, 2026 10:30:16 AM PDT', 'Apr 17, 2026 1:49:37 AM PDT', 'Apr 17, 2026 2:02:34 AM PDT', 'Apr 21, 2026 1:42:10 AM PDT', 'May 7, 2026 9:05:23 AM PDT']",10.0,['transaction_us_amazon.csv'],['00005-P-1-WH'],['item_id'],8,00005-P-1-WH
B0D2LYKS5K,['amazon'],['USAV Bluetooth Adapter for Bose Wave Music System (USAV Bluetooth Adapter for Bose Wave Music System Only)'],"['Apr 6, 2026 3:30:54 AM PDT', 'Apr 10, 2026 4:40:41 PM PDT', 'Apr 13, 2026 2:01:14 AM PDT', 'Apr 13, 2026 2:01:39 AM PDT', 'Apr 20, 2026 1:50:03 AM PDT', 'Apr 27, 2026 4:39:02 AM PDT', 'Apr 29, 2026 12:55:56 PM PDT', 'May 5, 2026 10:49:35 AM PDT']",8.0,['transaction_us_amazon.csv'],['00149'],['item_id'],8,00149
B0D6DMK321,['amazon'],['USAV Bluetooth Adapter for Bose Lifestyle 18 28 38 48 V25 V35 T20 T30 System'],"['Apr 3, 2026 1:54:34 AM PDT', 'Apr 8, 2026 9:19:54 AM PDT', 'Apr 10, 2026 1:48:53 AM PDT', 'May 4, 2026 3:19:44 AM PDT']",4.0,['transaction_us_amazon.csv'],['00149'],['item_id'],4,00149
B0D6K3VBNB,['amazon'],"['Replacement CD Processor PCB for Bose Wave Music System AWRCC1 AWRCC2, 269837-001']","['Apr 1, 2026 2:24:00 AM PDT', 'Apr 1, 2026 2:24:14 AM PDT', 'Apr 7, 2026 3:29:41 AM PDT', 'Apr 22, 2026 12:55:32 AM PDT', 'May 6, 2026 9:08:52 AM PDT']",5.0,['transaction_us_amazon.csv'],['00179-P-1'],['item_id'],5,00179-P-1
B0D6LYVQS7,['amazon'],['USAV Solutions Replacement Bose Speaker Driver for Bose Wave Music System AWRCC1 AWRCC2'],"['Apr 13, 2026 2:00:49 AM PDT', 'May 4, 2026 3:19:46 AM PDT', 'May 5, 2026 2:42:33 AM PDT']",5.0,['transaction_us_amazon.csv'],['00031-P-6'],['item_id'],3,00031-P-6
B0D6X2MFSZ,['amazon'],['USAV Solutions Replacement Silver Speaker Cable for Bose 3-2-1 or Cinemate I II System (Subwoofer to Speakers)'],"['Apr 1, 2026 2:26:07 AM PDT', 'Apr 2, 2026 9:14:28 AM PDT', 'Apr 7, 2026 3:29:37 AM PDT', 'Apr 7, 2026 3:29:41 AM PDT', 'Apr 9, 2026 3:06:57 AM PDT', 'Apr 9, 2026 1:09:31 PM PDT', 'Apr 16, 2026 9:07:30 AM PDT', 'Apr 20, 2026 1:50:18 AM PDT', 'Apr 29, 2026 12:55:47 AM PDT', 'May 1, 2026 1:17:14 AM PDT', 'May 4, 2026 3:19:15 AM PDT', 'May 5, 2026 2:39:20 AM PDT', 'May 5, 2026 10:49:39 AM PDT', 'May 6, 2026 9:08:29 AM PDT']",14.0,['transaction_us_amazon.csv'],['00141-P-2-BK'],['item_id'],14,00141-P-2-BK
B0D7KFBH39,['amazon'],['Replacement Bose Control Console for Bose Lifestyle V25 V35 135'],"['Apr 7, 2026 1:39:37 PM PDT', 'Apr 9, 2026 1:09:34 PM PDT', 'Apr 11, 2026 12:54:50 PM PDT', 'Apr 27, 2026 3:41:41 AM PDT', 'Apr 27, 2026 9:51:20 AM PDT', 'Apr 29, 2026 9:15:59 AM PDT', 'May 4, 2026 2:43:04 AM PDT']",7.0,['transaction_us_amazon.csv'],['00182-P-1'],['item_id'],7,00182-P-1
B0DLCSFZ12,['amazon'],['Replacement Bose RCV1T-27 Remote Control for Bose Lifestyle V30 V20 V10 MC1'],"['Apr 21, 2026 1:28:50 PM PDT']",1.0,['transaction_us_amazon.csv'],['00185-P-1'],['item_id'],1,00185-P-1
B0DNWVF1PF,['amazon'],"['Replacement 2.75-Inch Bose Wave Full-Range Speaker, 25 Watts, Cloth Edge']","['May 4, 2026 3:19:11 AM PDT']",1.0,['transaction_us_amazon.csv'],['00031-P-23'],['item_id'],1,00031-P-23
B0DW5Z1TZR,['amazon'],['Replacement Subwoofer for Bose 3-2-1 321 Series II - Acoustimass Module Only'],"['Apr 7, 2026 3:06:36 AM PDT', 'May 4, 2026 9:36:39 AM PDT']",2.0,['transaction_us_amazon.csv'],['00014-P-5'],['item_id'],2,00014-P-5
B0DW6GZZC7,['amazon'],['Replacement Bose 3·2·1® Home Entertainment System (Series I) Subwoofer Only'],"['Apr 16, 2026 12:28:37 PM PDT', 'Apr 28, 2026 12:57:25 AM PDT']",2.0,['transaction_us_amazon.csv'],['00046-P-4'],['item_id'],2,00046-P-4
B0DWCG9353,['amazon'],['USAV Solutions Replacement Ribbon Cable for Wave Music System Compatible with AWRCC1 AWRCC2'],"['Apr 22, 2026 1:33:09 PM PDT']",1.0,['transaction_us_amazon.csv'],['00031-P-15'],['item_id'],1,00031-P-15
B0F3FVT2M4,['amazon'],"['Bose Remote Control, Replacement for 321 Series II III and GS Series II III Home Entertainment Systems, Black']","['Apr 9, 2026 3:07:09 AM PDT', 'Apr 21, 2026 1:42:30 AM PDT', 'Apr 24, 2026 10:09:11 AM PDT', 'Apr 29, 2026 12:55:38 AM PDT', 'May 4, 2026 3:19:19 AM PDT', 'May 4, 2026 3:19:35 AM PDT', 'May 4, 2026 3:22:48 AM PDT', 'May 7, 2026 9:08:50 AM PDT']",8.0,['transaction_us_amazon.csv'],['00046-P-6-BK'],['item_id'],8,00046-P-6-BK
B0F3G6J45B,['amazon'],"['Replacement Remote Control Model RC18T1-27 for Bose for Lifestyle 18, 28 Series III, Lifestyle AV18']","['Apr 28, 2026 1:01:31 AM PDT', 'Apr 29, 2026 12:55:25 AM PDT', 'May 4, 2026 10:08:37 AM PDT', 'May 6, 2026 9:12:20 AM PDT']",4.0,['transaction_us_amazon.csv'],['00187-P-1'],['item_id'],4,00187-P-1
B0F3Q9RFC6,['amazon'],['Replacement Bose Control Console for Bose Lifestyle Soundtouch 535/525/235/135 Series I/II/III'],"['Apr 22, 2026 11:36:12 AM PDT']",1.0,['transaction_us_amazon.csv'],['00189-P-1'],['item_id'],1,00189-P-1
B0F3QG1GK4,['amazon'],['Replacement Bose AV 520 Control Console for Bose Cinemate 520/ Soundtouch 520'],"['Apr 2, 2026 6:39:48 AM PDT']",1.0,['transaction_us_amazon.csv'],['00083-P-1-U'],['item_id'],1,00083-P-1-U
B0F6QZNFRK,['amazon'],"['5.1 Surround Sound Speaker System, Bose Home Theater Setup with 4 Satellite Speakers and Center Speaker, Black']","['Apr 1, 2026 2:12:32 AM PDT', 'May 1, 2026 1:17:06 AM PDT', 'May 6, 2026 9:08:20 AM PDT']",3.0,['transaction_us_amazon.csv'],['00190-BK'],['item_id'],3,00190-BK
B0F6VZHW91,['amazon'],['Replacement Bose Remote Control 321 GSX III II'],"['Apr 1, 2026 1:41:21 AM PDT']",1.0,['transaction_us_amazon.csv'],['00048-P-1'],['item_id'],1,00048-P-1
B0F6WHQJNX,['amazon'],['Replacement Bluetooth WiFi SoundTouch Pedestal for Bose Wave Music System IV Espresso Black'],"['Apr 8, 2026 11:24:25 PM PDT', 'Apr 16, 2026 3:15:24 PM PDT', 'Apr 21, 2026 8:46:22 PM PDT', 'Apr 25, 2026 1:00:01 AM PDT', 'May 4, 2026 2:19:06 AM PDT']",5.0,['transaction_us_amazon.csv'],['00325-BK'],['item_id'],5,00325-BK
B0F8GQNNTT,['amazon'],['Replacement Bose Single Cube Speaker for Bose Lifestyle Acoustimass Home Theater Speaker System'],"['Apr 1, 2026 2:11:48 AM PDT', 'Apr 6, 2026 1:36:53 PM PDT', 'Apr 11, 2026 12:15:15 PM PDT', 'Apr 11, 2026 6:55:55 PM PDT', 'Apr 18, 2026 1:00:27 PM PDT', 'Apr 22, 2026 3:11:11 PM PDT', 'Apr 26, 2026 2:12:31 PM PDT']",10.0,['transaction_us_amazon.csv'],['00049-P-1-WH'],['item_id'],7,00049-P-1-WH
B0F8KCZY2K,['amazon'],"['Replacement Bose Single Cube Speaker (White) for Bose Lifestyle Acoustimass Home Theater Speaker System', 'Replacement Bose Single Cube Speaker for Bose Lifestyle Acoustimass Home Theater Speaker System']","['Apr 30, 2026 2:39:04 a.m. PDT', 'Apr 6, 2026 2:56:57 AM PDT', 'Apr 6, 2026 2:57:24 AM PDT', 'Apr 6, 2026 2:57:28 AM PDT', 'Apr 10, 2026 9:31:05 AM PDT', 'Apr 16, 2026 12:28:42 PM PDT', 'Apr 20, 2026 1:06:40 AM PDT', 'Apr 21, 2026 1:37:07 AM PDT', 'Apr 28, 2026 1:01:59 AM PDT', 'May 4, 2026 11:44:03 AM PDT', 'May 6, 2026 9:09:12 AM PDT']",24.0,"['transaction_Can_Amazon.csv', 'transaction_us_amazon.csv']",['00049-P-1-WH'],['item_id'],12,00049-P-1-WH
B0FP3SC5HL,['amazon'],['USAV Solutions Update Disk Copy for Bose Wave Multi CD Changer'],"['May 1, 2026 11:05:43 AM PDT']",1.0,['transaction_us_amazon.csv'],['00031-P-24'],['item_id'],1,00031-P-24
B0FP3V344P,['amazon'],['USAV Solutions Replacement Mounting Bracket for Bose 151 SE or 161 Speaker - White - Single'],"['Apr 2, 2026 9:14:41 AM PDT', 'Apr 23, 2026 12:36:26 AM PDT', 'May 1, 2026 11:06:14 AM PDT']",4.0,['transaction_us_amazon.csv'],['00007-P-1-WH'],['item_id'],3,00007-P-1-WH
B0FP4D8QMZ,['amazon'],"['USAV Solutions Replacement Mounting Bracket for Bose 151 SE and 161 Speakers, Black, Plastic Wall Mount, Single Bracket with Mounting Hardware']","['Apr 10, 2026 5:00:47 AM PDT', 'Apr 14, 2026 8:33:39 PM PDT', 'Apr 17, 2026 2:04:39 AM PDT', 'Apr 18, 2026 10:07:55 PM PDT', 'Apr 30, 2026 12:08:20 PM PDT']",5.0,['transaction_us_amazon.csv'],['00007-P-1-BK'],['item_id'],5,00007-P-1-BK
B0FP77VHGR,['amazon'],['USAV Solutions Bose 321 Acoustimass Link Cable Replacement for Series II/III Home Theater Systems'],"['Apr 9, 2026 3:07:05 AM PDT', 'Apr 14, 2026 1:08:16 AM PDT', 'Apr 14, 2026 1:08:30 AM PDT', 'Apr 27, 2026 4:39:19 AM PDT', 'May 5, 2026 10:51:58 AM PDT']",5.0,['transaction_us_amazon.csv'],['00046-P-14'],['item_id'],5,00046-P-14
B0FP7VNRHW,['amazon'],"['USAV RCA to HDMI Converter Kit for Bose 321 Series (III, II, I)']","['Apr 2, 2026 9:17:51 AM PDT', 'Apr 14, 2026 1:08:43 AM PDT', 'Apr 14, 2026 11:16:26 AM PDT', 'Apr 20, 2026 1:50:47 AM PDT', 'Apr 29, 2026 12:55:40 PM PDT']",5.0,['transaction_us_amazon.csv'],['00046-P-17'],['item_id'],5,00046-P-17
B0FTB63DVY,['amazon'],['Replacement Bose Acoustimass Double Cube Speaker (White)'],"['Apr 3, 2026 1:54:52 AM PDT', 'Apr 9, 2026 1:09:36 PM PDT', 'Apr 13, 2026 1:39:48 AM PDT']",5.0,['transaction_us_amazon.csv'],['00049-WH'],['item_id'],3,00049-WH
BN-L3PT-JVXD,['amazon'],"['Bose Wave Music System CD Player, AM/FM Radio (Graphite Gray) - USAV Bundle with Bluetooth Adapter']","['Apr 20, 2026 1:06:20 AM PDT', 'Apr 22, 2026 12:55:48 AM PDT', 'May 4, 2026 2:43:21 AM PDT', 'May 5, 2026 10:50:00 AM PDT']",4.0,['transaction_us_amazon.csv'],['00031-GY'],['item_id'],4,00031-GY
BW-7YLQ-R4SW,['amazon'],"['USAV Solutions Replacement Wall Mount Bracket for Bose 251 Speaker, Black, Single Mount']","['Apr 3, 2026 9:17:53 AM PDT', 'Apr 20, 2026 1:50:41 AM PDT']",3.0,['transaction_us_amazon.csv'],['00123-P-3-BK'],['item_id'],2,00123-P-3-BK
EQ-7SS5-79GU,['amazon'],"['USAV Solutions Magnetic Portable Bluetooth Speaker, True Wireless Stereo, IPX6 Water Protection, Compatible with iPhone 17/16/15/14']","['May 4, 2026 3:58:21 PM PDT']",1.0,['transaction_us_amazon.csv'],['00566'],['item_id'],1,00566
GZ-GJGZ-BMEU,['amazon'],"['Bose Surround Speaker, Black, Single, for Bose Virtually Invisible 300, Home Theater']","['May 5, 2026 2:39:48 AM PDT']",1.0,['transaction_us_amazon.csv'],['00274'],['item_id'],1,00274
HY-BIWO-NIHJ,['amazon'],"['USAV Solutions Magnetic Portable Bluetooth Speaker, True Wireless Stereo, IPX6 Water Protection, Compatible with iPhone 17/16/15/14']","['Apr 10, 2026 9:31:02 AM PDT', 'Apr 20, 2026 1:06:35 AM PDT', 'Apr 24, 2026 9:06:31 AM PDT', 'May 4, 2026 3:19:27 AM PDT', 'May 6, 2026 9:08:38 AM PDT']",5.0,['transaction_us_amazon.csv'],['00566'],['item_id'],5,00566
