po_id,po_number,order_date,received_status,billed_status,extracted_received_date,notes,terms
5623409000002430406,LCPU MAR 30,2026-03-30,to_be_received,to_be_billed,,Source: MANUAL,
5623409000002432242,112-8964034-9191428,2026-03-27,to_be_received,to_be_billed,,".
Source: MANUAL
Tracking: TBA329759808348
Stationery Purchase: true",
5623409000002423956,112-8964034-8191428,2026-03-27,to_be_received,to_be_billed,,"Imported from Amazon orders CSV.
Source: AMAZON_CSV
Stationery Purchase: true
Anylabel 2"" x 1"" Direct Thermal Label, Paper for Barcodes Postage Address Perforated & Compatible with Rollo, Zebra, Munbyn, Nelko Printers(12 Rolls, 1300 Labels/Roll): https://amazon.com/dp/B07XB9NK1D",
5623409000002429535,113-7718478-1082621,2026-03-18,to_be_received,to_be_billed,,"Imported from Amazon orders CSV
Source: AMAZON_CSV
Stationery Purchase: true
Yeardera Fabric Glue, Permanent, Clear, Washable Adhesive for Clothing, Patches, Leather, Cotton, Denim, Polyester, Flannel, and All Fabrics: https://amazon.com/dp/B0CMQQ8Z9T",
5623409000002425906,257651898,2026-03-10,to_be_received,to_be_billed,,"Bose SoundTouch Model 412530 Wireless Adapter Home Theater Speaker Not Tested
https://shopgoodwill.com/item/257651898
Source: MANUAL
Source: ZOHO_IMPORT",
5623409000002431102,61067861,2026-03-09,to_be_received,to_be_billed,,"Imported from Goodwill shipped-orders CSV.
Source: GOODWILL_SHIPPED
Tracking: Refunded
Bose SoundTouch SA-5 Amplifier (No Power Cord, Untested): https://shopgoodwill.com/item/257283429",
5623409000002226073,10-14575-12021,2026-04-30,to_be_received,to_be_billed,,"Imported via eBay GetOrders (Buyer) (ebay_purchasing).
Source: EBAY_PURCHASING_API
Lot of 1-100 2 Prong AC Polarized Power Cord Cable C7P Connector 3FT 5FT 10FT[150 PCS,5 FT]: https://www.ebay.com/itm/356128470974",
5623409000002183695,LCPU - A VU - 04.24.26,2026-04-24,to_be_received,to_be_billed,,Source: MANUAL,
5623409000002091474,25-14475-66776,2026-04-13,to_be_received,to_be_billed,,"Imported via eBay GetOrders (Buyer) (ebay_purchasing).
Source: EBAY_PURCHASING_API
Bose Companion 2 2.0 Channel Computer Speakers Wired Black Volume Control: https://www.ebay.com/itm/306876853254",
5623409000002084127,14-14478-64509,2026-04-10,to_be_received,to_be_billed,,"Imported via eBay GetOrders (Buyer) (ebay_purchasing).
Source: EBAY_PURCHASING_API
Bose Companion 2 Series III Multimedia Computer PC Speakers +  & Power TESTED: https://www.ebay.com/itm/178036210919",
5623409000002032436,LCPU MAR 11 AVU,2026-03-11,to_be_received,to_be_billed,,"Source: MANUAL
Tracking: LCPU A VU",
5623409000002033152,NEW LCPU MAR 11,2026-03-11,to_be_received,to_be_billed,,Source: MANUAL,
5623409000002033046,NEW LCPU MAR 16,2026-03-16,to_be_received,to_be_billed,,Source: MANUAL,
5623409000002029103,113-4897166-4684240,2026-03-10,to_be_received,to_be_billed,2026-03-17,"return this order : Amazon Order #
113-4897166-4684240  -   Reason: Price too high

KAI 3/17 1:57
AMPLIFIER
SN: 0642
Imported from Amazon orders CSV.
Source: AMAZON_CSV
Bose Music Amplifier - Speaker amp with Bluetooth & Wi-Fi connectivity: https://amazon.com/dp/B0BDSKPB5L",
5623409000002011535,61535039,2026-03-30,to_be_received,to_be_billed,2026-04-06,"KAI 4/6 2:41
259099858- Bose SoundDock 10 Digital Music System
259076539- Bose 3-2-1Powered Speaker System Subwoofer w/ Gemstone Speakers & Parts
Imported from Goodwill shipped-orders CSV.
Source: GOODWILL_CSV
Tracking: LOCALPICKUP211738461775324325
Bose SoundDock 10 Digital Music System: https://shopgoodwill.com/item/259099858
Bose 3-2-1Powered Speaker System Subwoofer w/ Gemstone Speakers & Parts - READ: https://shopgoodwill.com/item/259076539",
5623409000001983020,113-3447521-5217028,2026-03-20,to_be_received,to_be_billed,,"Imported from Amazon orders CSV.
Source: AMAZON_CSV
Fabric Glue Permanent (10 ML x 8), Fabric Glue for Clothing Permanent Washable for Rhinestones, Patches, Clothes, Denim, Leather, Polyester, Fabrics, Doll Repair, Flannel, Cotton & More: https://amazon.com/dp/B0DSW16KFL
Stationery Purchase: true",
5623409000001927224,06-14428-18620,2026-03-27,to_be_received,to_be_billed,2026-03-30,"Imported via eBay GetOrders (Buyer) (ebay_purchasing).
Source: EBAY_PURCHASING_API
Tracking: 9400136106196353038925
Lot Of 2 Bose RC38T1-27 Remote Control for Lifestyle AV38 AV48 - Untested, As Is: https://www.ebay.com/itm/287202527378","KAI, 3/30, ZD 8700"
5623409000001926226,06-14420-86406,2026-03-25,to_be_received,to_be_billed,2026-03-31,"KAI 3/31 12:05

Imported via eBay GetOrders (Buyer) (ebay_purchasing).
Source: EBAY_PURCHASING_API
Tracking: 9400108106244957619310
X360 -Disc- Guitar Hero III Legends of Rock (Microsoft Xbox 360): https://www.ebay.com/itm/236663513913",
5623409000001923136,11-14420-63469,2026-03-27,to_be_received,to_be_billed,2026-03-31,"KAI 3/31 3:56

Imported via eBay GetOrders (Buyer) (ebay_purchasing).
Source: EBAY_PURCHASING_API
Tracking: 9400108106244960411253
Bose Remote Control MODEL RC20T for AV20 Media Player Lifestyle T20/T10: https://www.ebay.com/itm/127634881299",
5623409000001924119,10-14421-93564,2026-03-27,to_be_received,to_be_billed,,"cuong, 16: 20' : RCT20 remote


Imported via eBay GetOrders (Buyer) (ebay_purchasing).
Source: EBAY_PURCHASING_API
Tracking: 9400108106244960785477
BOSE OEM RC20T LIFESTYLE T20 remote control.: https://www.ebay.com/itm/306746215859",
5623409000001922215,18-14410-73660,2026-03-27,to_be_received,to_be_billed,2026-03-31,"KAI 3/31 11:57
Imported via eBay GetOrders (Buyer) (ebay_purchasing).
Source: EBAY_PURCHASING_API
Tracking: 9400108106245984782190
Bose Remote Control RC20T Lifestyle T10/T20 AV20 V 25/35/135 Genuine - Tested: https://www.ebay.com/itm/389794319431",
5623409000001926178,25-14402-28028,2026-03-27,to_be_received,to_be_billed,2026-03-30,"cuong, 3/30. 16:30'


Imported via eBay GetOrders (Buyer) (ebay_purchasing).
Source: EBAY_PURCHASING_API
Tracking: 9405508106244961782850
BOSE OEM RC20T LIFESTYLE T10, T20  remote: https://www.ebay.com/itm/206154376297",
5623409000001926135,AB-300181,2026-03-23,to_be_received,to_be_billed,2026-03-27,"KAI 3/27 1:20
4 BLACK
4 WHITE Source: MANUAL
Tracking: 1Z6980E80393916437",
5623409000001922091,B003964009,2026-03-16,to_be_received,to_be_billed,2026-03-19,"KAI 3/19 9:30
1Z965EW40324706592
1Z965EW40324706609
Source: ZOHO_IMPORT
Tracking: Shipping
KAI 3/19 9:30
SN: 04421Z40730546AE
074421Z40730534AE
1Z965EW40324706592
1Z965EW40324706609",
5623409000001924081,NEW LCPU MAR 20,2026-03-20,to_be_received,to_be_billed,,"

Source: MANUAL",
5623409000001924023,05-14436-87370,2026-03-29,to_be_received,to_be_billed,,"Refunded. 


Imported via eBay GetOrders (Buyer) (ebay_purchasing).
Source: EBAY_PURCHASING_API
Tracking: 9434608106244965619656
Bose 251 Environmental Wall Speaker, Black, 100W, Rectangular, 6 Ohms 2 set: https://www.ebay.com/itm/406810075752",
5623409000001883689,27-14393-27554,2026-03-26,to_be_received,to_be_billed,2026-03-31,"kai 3/31 10:13 Imported via eBay GetOrders (Buyer) (ebay_purchasing).
Source: EBAY_PURCHASING_API
Tracking: 9434608106245981959818
Bose Companion 2 Series III 2.0 Channel Wired Computer Speakers Black 3.5mm: https://www.ebay.com/itm/298158600426",
5623409000001883562,19-14404-74995,2026-03-26,to_be_received,to_be_billed,2026-03-30,"KAI 3/30 4:13

Imported via eBay GetOrders (Buyer) (ebay_purchasing).
Source: EBAY_PURCHASING_API
Tracking: 9434608106244957770990
Bose 251 Environmental Speakers Outdoor All Weather White Pair EXCELLENT QUALITY: https://www.ebay.com/itm/397760625961",
5623409000001883217,26-14388-63786,2026-03-25,to_be_received,to_be_billed,2026-03-31,"KAI 3/31 9:57

Imported via eBay GetOrders (Buyer) (ebay_purchasing).
Source: EBAY_PURCHASING_API
Tracking: 61299998825435513859
Bose Companion 2 Series III Multimedia Speaker System - Tested: https://www.ebay.com/itm/157782718460",
5623409000001883104,20-14395-61240,2026-03-24,to_be_received,to_be_billed,2026-03-31,"KAI 3/31 10:04 https://www.ebay.com/itm/397755007210
Imported via eBay GetOrders (Buyer) (ebay_purchasing).
Source: EBAY_PURCHASING_API
Tracking: 399918239680
BOSE 251 Environmental Outdoor Speakers black (Pair) TESTED No Brackets-READ: https://www.ebay.com/itm/397755007210",
5623409000001879991,23-14390-82154,2026-03-24,to_be_received,to_be_billed,2026-03-31,"KAI 3/31 11:27
https://www.ebay.com/itm/406742754597
Imported via eBay GetOrders (Buyer) (ebay_purchasing).
Source: EBAY_PURCHASING_API
Tracking: 9434608106245978470784
Bose SoundTouch Wireless Adapter WiFi Bluetooth 412451-SM2: https://www.ebay.com/itm/406742754597",
5623409000001879870,20-14394-60511,2026-03-24,to_be_received,to_be_billed,2026-03-31,"KAI 3/31 10:48
WAVE RADIO II
Imported via eBay GetOrders (Buyer) (ebay_purchasing).
Source: EBAY_PURCHASING_API
Tracking: 399985618521
Bose Wave Radio II Black AM FM Alarm Clock AUX Input Home Audio with Remote: https://www.ebay.com/itm/267601416776",
5623409000001879662,24-14403-31153,2026-03-24,to_be_received,to_be_billed,2026-03-26,"KAI 3/26 3:49
https://www.ebay.com/itm/157779803138
good condition
Imported via eBay GetOrders (Buyer) (ebay_purchasing).
Source: EBAY_PURCHASING_API
Tracking: 9434608106244949505920
Bose Companion 2 Series III Multimedia Speaker System No Power Adapter: https://www.ebay.com/itm/157779803138",
5623409000001879563,26-14385-58520,2026-03-24,to_be_received,to_be_billed,2026-03-26,"KAI 3/26 3:29
https://www.ebay.com/itm/177986424256
Good Condition
Imported via eBay GetOrders (Buyer) (ebay_purchasing).
Source: EBAY_PURCHASING_API
Tracking: 9434608106245974750729
Bose Companion 2 Series III Multimedia PC/ Speakers Set - Work.  Smoke free home: https://www.ebay.com/itm/177986424256",
5623409000001880288,06-14383-43649,2026-03-17,to_be_received,to_be_billed,2026-03-24,"KAI 3/24 4:26
IIIImported via eBay GetOrders (Buyer) (ebay_purchasing).
Source: EBAY_BUYING_API
Tracking: 1Z14V49E0319157042
Item Links:
- Bose Companion 2 Series III Multimedia Computer PC Laptop Speakers: https://www.ebay.com/itm/267610349714
Source: EBAY_PURCHASING_API",
5623409000001877779,15-14376-14264,2026-03-18,to_be_received,to_be_billed,2026-03-23,"KAI 3/23 1:53

Imported via eBay GetOrders (Buyer) (ebay_purchasing).
Source: EBAY_BUYING_API
Tracking: 399785153281
Item Links:
- Bose Multimedia Speaker Companion 5 Gray Desktop System Control Pod Cables: https://www.ebay.com/itm/267601005629
Source: EBAY_PURCHASING_API",
5623409000001881136,09-14383-47974,2026-03-18,to_be_received,to_be_billed,2026-03-23,"KAI 3/23 2:08


Imported via eBay GetOrders (Buyer) (ebay_purchasing).
Source: EBAY_BUYING_API
Tracking: 399805766228
Item Links:
- Bose LOT Wave Music System Multi CD Changer Accessory 3 Disc Player FOR PARTS: https://www.ebay.com/itm/206143997183
Source: EBAY_PURCHASING_API",
5623409000001879521,10-14381-92616,2026-03-18,to_be_received,to_be_billed,2026-03-24,"KAI 3/24 4:52

Imported via eBay GetOrders (Buyer) (ebay_purchasing).
Source: EBAY_BUYING_API
Tracking: 1Z78Y5W70392077889
Item Links:
- Bose Wave Music System AWRCC1 CD Player AM/FM Radio - Free Shipping: https://www.ebay.com/itm/188166395044
Source: EBAY_PURCHASING_API",
5623409000001877735,11-14386-73982,2026-03-19,to_be_received,to_be_billed,2026-03-26,"KAI 3/26 3:56

Imported via eBay GetOrders (Buyer) (ebay_purchasing).
Source: EBAY_BUYING_API
Tracking: 9405508106244938736992
Item Links:
- Bose AV 520 Acoustimass Home Theater Speakers (3) Surround (1) Center Channel: https://www.ebay.com/itm/397714644850
Source: EBAY_PURCHASING_API",
5623409000001881122,20-14372-03452,2026-03-19,to_be_received,to_be_billed,2026-03-24,"KAI 3/24 4:37 Imported via eBay GetOrders (Buyer) (ebay_purchasing).
Source: EBAY_BUYING_API
Tracking: 1Z14V49E0309061253
Item Links:
- Bose  VCS-10 Center Channel Speaker - Black nice looking & working pre-owned con: https://www.ebay.com/itm/306823976284
Source: EBAY_PURCHASING_API",
5623409000001881108,24-14381-05943,2026-03-19,to_be_received,to_be_billed,2026-03-25,"KAI 3/25 2:11

Imported via eBay GetOrders (Buyer) (ebay_purchasing).
Source: EBAY_BUYING_API
Tracking: 61299998825434347639
Item Links:
- Bose Companion 2 Series III Multimedia Computer PC Laptop  Speakers Black: https://www.ebay.com/itm/406736007532
Source: EBAY_PURCHASING_API",
5623409000001879507,18-14380-64732,2026-03-20,to_be_received,to_be_billed,2026-03-25,"KAI 3/25 9:45
Imported via eBay GetOrders (Buyer) (ebay_purchasing).
Source: EBAY_BUYING_API
Tracking: 9434636106196304474927
Item Links:
- Bose Companion 2 Series III Multimedia Speaker System Black PC Laptop Speakers: https://www.ebay.com/itm/157772170744
Source: EBAY_PURCHASING_API",
5623409000001880244,19-14378-04432,2026-03-20,to_be_received,to_be_billed,2026-03-30,"KAI 3/30 12:02

Imported via eBay GetOrders (Buyer) (ebay_purchasing).
Source: EBAY_BUYING_API
Tracking: 399810616491
Item Links:
- BOSE 251 Environmental Outdoor Speakers black (Pair) TESTED WORKING: https://www.ebay.com/itm/267614404244
Source: EBAY_PURCHASING_API",
5623409000001880230,08-14393-65557,2026-03-20,to_be_received,to_be_billed,2026-03-30,"KAI 3/30 12:11

Imported via eBay GetOrders (Buyer) (ebay_purchasing).
Source: EBAY_BUYING_API
Tracking: 9434608106245959691993
Item Links:
- Bose Companion 2 Series III Multimedia Computer PC Laptop Speakers Tested Works: https://www.ebay.com/itm/318033934004
Source: EBAY_PURCHASING_API",
5623409000001878648,11-14389-48517,2026-03-20,to_be_received,to_be_billed,2026-03-24,"KAI 3/24 10:32


Imported via eBay GetOrders (Buyer) (ebay_purchasing).
Source: EBAY_BUYING_API
Tracking: 9434608106245959786446
Item Links:
- Bose Companion 2 Series III Multimedia PC Black Speakers - NO Power Supply: https://www.ebay.com/itm/198207446134
Source: EBAY_PURCHASING_API",
5623409000001878620,08-14393-63727,2026-03-20,to_be_received,to_be_billed,2026-03-25,"KAI 3/25 4:31

Imported via eBay GetOrders (Buyer) (ebay_purchasing).
Source: EBAY_BUYING_API
Tracking: 9434608106245958890069
Item Links:
- Bose Companion 2 Series III Multimedia Computer PC Laptop  Speakers Black: https://www.ebay.com/itm/137151076652
Source: EBAY_PURCHASING_API",
5623409000001880216,09-14392-30944,2026-03-20,to_be_received,to_be_billed,2026-03-25,"KAI 3/25 4:40 
Imported via eBay GetOrders (Buyer) (ebay_purchasing).
Source: EBAY_BUYING_API
Tracking: 9434608106245959271997
Item Links:
- Bose Companion 2 Series III Computer Sound System Some Nicks On The Fabric: https://www.ebay.com/itm/358352912025
Source: EBAY_PURCHASING_API",
5623409000001881078,04-14403-84827,2026-03-21,to_be_received,to_be_billed,2026-03-30,"kai 3/30 4:05

Imported via eBay GetOrders (Buyer) (ebay_purchasing).
Source: EBAY_BUYING_API
Tracking: 399853369721
Item Links:
- Bose VCS-10 Center Channel Surround Sound Wired & 3 Redline Double Cube Speakers: https://www.ebay.com/itm/188183678924
Source: EBAY_PURCHASING_API",
5623409000001879493,04-14403-84579,2026-03-21,to_be_received,to_be_billed,2026-03-26,"KAI 3/26 4:00 Imported via eBay GetOrders (Buyer) (ebay_purchasing).
Source: EBAY_BUYING_API
Tracking: 1Z78Y5W70391965037
Item Links:
- Bose VCS-10 Center Channel Home Theater Speaker - Free Sipping: https://www.ebay.com/itm/406783706768
Source: EBAY_PURCHASING_API",
5623409000001882019,11-14393-56597,2026-03-21,to_be_received,to_be_billed,2026-03-25,"kai 3/25 3:28 

Imported via eBay GetOrders (Buyer) (ebay_purchasing).
Source: EBAY_BUYING_API
Tracking: 9434608106244942091482
Item Links:
- Bose Companion 2 Series III Multimedia Desktop Laptop PC Speaker System: https://www.ebay.com/itm/277773186723
Source: EBAY_PURCHASING_API",
5623409000001879479,20-14380-51892,2026-03-21,to_be_received,to_be_billed,2026-03-26,"KAI 3/26 3:44

Imported via eBay GetOrders (Buyer) (ebay_purchasing).
Source: EBAY_BUYING_API
Tracking: 9434608106244944131599
Item Links:
- Bose Companion 2 Series III Multimedia Computer PC Laptop Speakers Black.   s3: https://www.ebay.com/itm/306833730407
Source: EBAY_PURCHASING_API",
5623409000001880174,01-14408-72171,2026-03-21,to_be_received,to_be_billed,2026-03-26,"kai 3/26 3:24

Imported via eBay GetOrders (Buyer) (ebay_purchasing).
Source: EBAY_BUYING_API
Tracking: 9434608106244938872613
Item Links:
- Bose Companion 2 Series III Multimedia Computer PC Laptop Speakers Tested Works: https://www.ebay.com/itm/298144983572
Source: EBAY_PURCHASING_API",
5623409000001878592,02-14412-37301,2026-03-22,to_be_received,to_be_billed,2026-03-30,"kai 3/30 12:16

Imported via eBay GetOrders (Buyer) (ebay_purchasing).
Source: EBAY_BUYING_API
Tracking: 61299998825434681788
Item Links:
- Used - working Bose Companion 2 Series III Computer Speakers w/ Power Adapter: https://www.ebay.com/itm/406791774485
Source: EBAY_PURCHASING_API",
5623409000001877663,21-14383-83086,2026-03-22,to_be_received,to_be_billed,2026-03-31,"KAI 3/31 9:19

Imported via eBay GetOrders (Buyer) (ebay_purchasing).
Source: EBAY_BUYING_API
Item Links:
- Bose 251 Environmental Speakers (PAIR) Wired 6 Ohms Open Box: https://www.ebay.com/itm/117100189831
Source: EBAY_PURCHASING_API
Tracking: 9434608106244953491967",
5623409000001878578,23-14380-27048,2026-03-22,to_be_received,to_be_billed,2026-03-31,"KAI 3/31 11:43 Imported via eBay GetOrders (Buyer) (ebay_purchasing).
Source: EBAY_BUYING_API
Tracking: T3T74N4T28
Item Links:
- Bose Companion 2 Series III Multimedia Desktop Speakers – Tested Great Condition: https://www.ebay.com/itm/127762788119
Source: EBAY_PURCHASING_API",
5623409000001877621,06-14410-03151,2026-03-23,to_be_received,to_be_billed,2026-03-31,"kai 3/31 11:00
Imported via eBay GetOrders (Buyer) (ebay_purchasing).
Source: EBAY_BUYING_API
Item Links:
- Bose Companion 2 Series III Multimedia Speakers Aux Cable With Power Supply: https://www.ebay.com/itm/117100300043
Source: EBAY_PURCHASING_API
Tracking: 9434608106244951813297",
5623409000001876977,14-14396-54084,2026-03-23,to_be_received,to_be_billed,2026-03-25,"KAI 3/25 4:36

Imported via eBay GetOrders (Buyer) (ebay_purchasing).
Source: EBAY_BUYING_API
Tracking: 9434608106244942155573
Item Links:
- Bose Companion 2 Series III Multimedia Computer PC Laptop  Speakers: https://www.ebay.com/itm/267617207167
Source: EBAY_PURCHASING_API",
5623409000001879463,20-14387-71410,2026-03-23,to_be_received,to_be_billed,2026-03-31,"KAI 3/31 11:53 

Imported via eBay GetOrders (Buyer) (ebay_purchasing).
Source: EBAY_BUYING_API
Tracking: 399878961400
Item Links:
- BOSE 251 Environmental Outdoor Speakers Pair Black With Wall Brackets: https://www.ebay.com/itm/358363337209
Source: EBAY_PURCHASING_API",
5623409000001878562,18-14395-85858,2026-03-24,to_be_received,to_be_billed,2026-03-26,"KAI 3/26 1:50 Imported via eBay GetOrders (Buyer) (ebay_purchasing).
Source: EBAY_BUYING_API
Source: ZOHO_IMPORT
Source: EBAY_PURCHASING_API
Tracking: 399907816070
BOSE 251 ENVIRONMENTAL SPEAKERS OUTDOOR EQUIPMENT NICE: https://www.ebay.com/itm/366298326510",
5623409000001831043,18-14370-59292,2026-03-18,to_be_received,to_be_billed,2026-03-23,"Imported via eBay GetOrders (Buyer) (ebay_mekong).
Source: EBAY_BUYING_API
Tracking: 9434608106245951426425
Item Links:
- Bose Wave Music System AWRCC2 Portable AM/FM Stereo CD Player FOR PARTS: https://www.ebay.com/itm/227259288635
Imported via eBay GetOrders (Buyer) (ebay_purchasing).
Source: EBAY_PURCHASING_API","KAI 3/23 3:13
WAVE MS - WHITE
SN: 033976C61515099AC

tk 9434608106245951426425"
5623409000001835043,13-14384-06740,2026-03-19,to_be_received,to_be_billed,2026-03-26,"KAI 3/26 Imported via eBay GetOrders (Buyer) (ebay_mekong).
Source: EBAY_BUYING_API
Tracking: 9434608106244933072339
Item Links:
- Bose Companion 2 Series III Multimedia Computer PC Laptop Speakers: https://www.ebay.com/itm/336480754845
Imported via eBay GetOrders (Buyer) (ebay_purchasing).
Source: EBAY_PURCHASING_API",
5623409000001828930,12-14384-10217,2026-03-19,to_be_received,to_be_billed,2026-03-25,"KAI 3/25 9:28
https://www.ebay.com/itm/287214869923
Imported via eBay GetOrders (Buyer) (ebay_purchasing).
Source: EBAY_PURCHASING_API
Tracking: 9434608106245955755118
Bose Speakers Companion 2 Series III Multimedia Computer PC: https://www.ebay.com/itm/287214869923",
5623409000001828803,27-14362-16764,2026-03-19,to_be_received,to_be_billed,2026-03-24,"kai 3/24 2:55
https://www.ebay.com/itm/389768027269
Imported via eBay GetOrders (Buyer) (ebay_purchasing).
Source: EBAY_PURCHASING_API
Tracking: 9434608106244931490449
Bose VCS-30 Series II Center/Surround Speaker Package: https://www.ebay.com/itm/389768027269",
5623409000001828690,02-14398-36919,2026-03-19,to_be_received,to_be_billed,,"Imported via eBay GetOrders (Buyer) (ebay_mekong).
Source: EBAY_BUYING_API
Tracking: 9434608106245956306456
Item Links:
- Bose Companion 2 Series III Multimedia Computer PC Laptop Speakers: https://www.ebay.com/itm/336462379851
Imported via eBay GetOrders (Buyer) (ebay_purchasing).
Source: EBAY_PURCHASING_API",
5623409000001828577,18-14374-98642,2026-03-19,to_be_received,to_be_billed,2026-03-26,"KAI 3/26
Imported via eBay GetOrders (Buyer) (ebay_mekong).
Source: EBAY_BUYING_API
Tracking: 9434608106244934761942
Item Links:
- BOSE Companion 2 Series III Multimedia Speaker System Speakers: https://www.ebay.com/itm/306830262547
Imported via eBay GetOrders (Buyer) (ebay_purchasing).
Source: EBAY_PURCHASING_API",
5623409000001828460,01-14400-14096,2026-03-19,to_be_received,to_be_billed,2026-03-26,"KAI 3/26 Imported via eBay GetOrders (Buyer) (ebay_purchasing).
Source: ZOHO_IMPORT
Tracking: Awaiting shipment
Source: EBAY_PURCHASING_API
Tracking: 9434608106244951453370
BOSE Companion 2 Series III Multimedia Speaker System Computer Speakers WORKING: https://www.ebay.com/itm/318027474676",
5623409000001829728,06-14389-45433,2026-03-18,to_be_received,to_be_billed,2026-03-25,"KAI 3/25 Imported via eBay GetOrders (Buyer) (ebay_mekong).
Source: EBAY_BUYING_API
Tracking: 9434608106244931495925
Item Links:
- Bose Soundbar 500 TV Speaker - Black (838309-1100): https://www.ebay.com/itm/366264069849
Imported via eBay GetOrders (Buyer) (ebay_purchasing).
Source: EBAY_PURCHASING_API",
5623409000001824311,20-14368-65673,2026-03-18,to_be_received,to_be_billed,2026-03-26,"KAI 3/26 Imported via eBay GetOrders (Buyer) (ebay_purchasing).
Source: ZOHO_IMPORT
Tracking: 1225494102990187
Source: EBAY_PURCHASING_API
Bose Companion 2 Series III Multimedia PC Black Speakers - NO Power Adapter EUC: https://www.ebay.com/itm/257365481033",
5623409000001824202,02-14394-80890,2026-03-18,to_be_received,to_be_billed,2026-03-24,"KAI 3/24 12:11 https://www.ebay.com/itm/177964111926
Imported via eBay GetOrders (Buyer) (ebay_purchasing).
Source: EBAY_PURCHASING_API
Tracking: 1Z78Y5W70394305119
Bose Solo TV Sound System Soundbar - Model: 418775 - Free Shipping.: https://www.ebay.com/itm/177964111926",
5623409000001824107,10-14382-76415,2026-03-18,to_be_received,to_be_billed,,"Imported via eBay GetOrders (Buyer) (ebay_mekong).
Source: EBAY_BUYING_API
Tracking: 1Z78Y5W70393482724
Item Links:
- Bose VCS-10 Center Channel Speaker - Free shipping: https://www.ebay.com/itm/406716784133
Imported via eBay GetOrders (Buyer) (ebay_purchasing).
Source: EBAY_PURCHASING_API",
5623409000001824004,07-14387-42477,2026-03-18,to_be_received,to_be_billed,2026-03-24,"KAI 3/24 11:50
https://www.ebay.com/itm/177780717137
Imported via eBay GetOrders (Buyer) (ebay_purchasing).
Source: EBAY_PURCHASING_API
Tracking: 1Z78Y5W70393482724
Bose VCS-10 Center Channel Speaker - Free shipping: https://www.ebay.com/itm/177780717137",
5623409000001815909,02-14394-78963,2026-03-18,to_be_received,to_be_billed,2026-03-24,"KAI 3/24 12:13
https://www.ebay.com/itm/157737256520
Imported via eBay GetOrders (Buyer) (ebay_purchasing).
Source: EBAY_PURCHASING_API
Tracking: 1Z78Y5W70394305119
Bose Solo TV Sound System Soundbar - Model: 418775 - Free Shipping.: https://www.ebay.com/itm/157737256520",
5623409000001815799,21-14366-23757,2026-03-18,to_be_received,to_be_billed,,"Imported via eBay GetOrders (Buyer) (ebay_purchasing).
Tracking: 1ZJE07220333144063
Item Links:
- Bose Soundbar Bundle 600 and Bass Module 500 Kit (Black Soundbar): https://www.ebay.com/itm/137144280101
Source: EBAY_PURCHASING_API",
5623409000001815686,25-14360-62506,2026-03-18,to_be_received,to_be_billed,2026-03-25,"KAI 3/25 2:14 Imported via eBay GetOrders (Buyer) (ebay_purchasing).
Source: EBAY_BUYING_API
Tracking: 9434608106245951999745
Item Links:
- Bose Double Cube Black Surround/Satellite Speakers Set Lot of 7: https://www.ebay.com/itm/397674612057
Source: EBAY_PURCHASING_API",
5623409000001815181,10-14382-00811,2026-03-18,to_be_received,to_be_billed,,"Imported via eBay GetOrders (Buyer) (ebay_mekong).
Source: EBAY_BUYING_API
Tracking: 1Z78Y5W70395657569
Item Links:
- Bose Soundbar 500 Smart Soundbar - Model 424096 - Free shipping: https://www.ebay.com/itm/406773310633
Imported via eBay GetOrders (Buyer) (ebay_purchasing).
Source: EBAY_PURCHASING_API",
5623409000001815082,14-14376-40763,2026-03-18,to_be_received,to_be_billed,2026-03-24,"KAI 3/24 12:14
https://www.ebay.com/itm/406770707208
Imported via eBay GetOrders (Buyer) (ebay_purchasing).
Source: EBAY_PURCHASING_API
Tracking: 1Z78Y5W70394305119
Bose Solo TV Sound System Soundbar - Model: 418775 - Free Shipping.: https://www.ebay.com/itm/406770707208",
5623409000001814001,21-14365-85931,2026-03-18,to_be_received,to_be_billed,2026-03-25,"KAI 3/25 9:50
https://www.ebay.com/itm/336485440220
Imported via eBay GetOrders (Buyer) (ebay_purchasing).
Source: EBAY_PURCHASING_API
Tracking: 9434608106245953743476
Bose Companion 2 Series III Multimedia Computer PC Laptop Speakers Tested!: https://www.ebay.com/itm/336485440220",
5623409000001807515,11-14380-56357,2026-03-18,to_be_received,to_be_billed,,"Imported via eBay GetOrders (Buyer) (ebay_mekong).
Source: EBAY_BUYING_API
Tracking: 9434608106245952084921
Item Links:
- BOSE 251 ENVIRONMENTAL SPEAKERS OUTDOOR EQUIPMENT NICE: https://www.ebay.com/itm/117034142756
Imported via eBay GetOrders (Buyer) (ebay_purchasing).
Source: EBAY_PURCHASING_API",
5623409000001807406,24-14376-56161,2026-03-18,to_be_received,to_be_billed,2026-03-23,"kai 3/23 2:55
https://www.ebay.com/itm/168242560509
Imported via eBay GetOrders (Buyer) (ebay_purchasing).
Source: EBAY_PURCHASING_API
Tracking: 61299998825433899931
Bose Companion 2 Series III Multimedia PC Laptop Speakers: https://www.ebay.com/itm/168242560509",
5623409000001807289,23-14363-33447,2026-03-18,to_be_received,to_be_billed,,"Imported via eBay GetOrders (Buyer) (ebay_mekong).
Source: EBAY_BUYING_API
Tracking: 9434608106245955903274
Item Links:
- Bose Companion 2 Series III Multimedia Computer Speakers No Power Adapter WORKS: https://www.ebay.com/itm/206126661456
Imported via eBay GetOrders (Buyer) (ebay_purchasing).
Source: EBAY_PURCHASING_API",
5623409000001807176,15-14374-70320,2026-03-18,to_be_received,to_be_billed,2026-03-23,"KAI 3/23 3:36
https://www.ebay.com/itm/257412238400
Imported via eBay GetOrders (Buyer) (ebay_purchasing).
Source: EBAY_PURCHASING_API
Tracking: 9434608106244929358317
BOSE Companion 2 Series III Multimedia Speaker System Computer Speakers WORKS: https://www.ebay.com/itm/257412238400
BOSE Companion 2 Series III Multimedia Speaker System Computer Speakers WORKS: https://www.ebay.com/itm/257412238400, condition: 'A little cosmetic wear, nothing too bad, overall very good used shape.'",
5623409000001807063,10-14381-81926,2026-03-18,to_be_received,to_be_billed,2026-03-23,"KAI 3/23 3:29
https://www.ebay.com/itm/358344784475
Imported via eBay GetOrders (Buyer) (ebay_purchasing).
Source: EBAY_PURCHASING_API
Tracking: 9434608106244927944420
Bose Companion 2 Series III Multimedia PC Speakers Set: https://www.ebay.com/itm/358344784475",
5623409000001804466,20-14366-22621,2026-03-18,to_be_received,to_be_billed,2026-03-24,"KAI 3/24 3:08
https://www.ebay.com/itm/137143113056
Imported via eBay GetOrders (Buyer) (ebay_purchasing).
Source: EBAY_PURCHASING_API
Tracking: 9434608106244929528178
Bose Companion 2 Series III Multimedia Computer PC Laptop Speakers Pair Tested: https://www.ebay.com/itm/137143113056",
5623409000001804357,01-14394-16382,2026-03-18,to_be_received,to_be_billed,,"Imported via eBay GetOrders (Buyer) (ebay_mekong).
Source: EBAY_BUYING_API
Tracking: 9434608106245950424194
Item Links:
- Bose Companion 2 Series III Speakers w/ replacement AC Power Adapter TESTED: https://www.ebay.com/itm/358344661619
Imported via eBay GetOrders (Buyer) (ebay_purchasing).
Source: EBAY_PURCHASING_API",
5623409000001804248,04-14388-86629,2026-03-18,to_be_received,to_be_billed,2026-03-24,"kai 3/24 3:33
https://www.ebay.com/itm/117091707601
Imported via eBay GetOrders (Buyer) (ebay_purchasing).
Source: EBAY_PURCHASING_API
Tracking: 9434608106245953445226
Bose Bass Module 500 Black Subwoofer: https://www.ebay.com/itm/117091707601",
5623409000001804145,06-14385-72372,2026-03-17,to_be_received,to_be_billed,2026-03-26,"KAI 3/26 Imported via eBay GetOrders (Buyer) (ebay_mekong).
Source: EBAY_BUYING_API
Tracking: 9434608106245953447268
Item Links:
- Bose Bass Module 500 Black Subwoofer NO POWER: https://www.ebay.com/itm/117091659633
Imported via eBay GetOrders (Buyer) (ebay_purchasing).
Source: EBAY_PURCHASING_API",
5623409000001804014,26-14356-27669,2026-03-17,to_be_received,to_be_billed,2026-03-25,"KAI 3/25 Imported via eBay GetOrders (Buyer) (ebay_mekong).
Source: EBAY_BUYING_API
Tracking: 1Z14V49E0333189919
Item Links:
- Bose Acoustimass 300 Wireless Bass Module – Open Box – Mint  –500W  Powerful: https://www.ebay.com/itm/127747696201
Imported via eBay GetOrders (Buyer) (ebay_purchasing).
Source: EBAY_PURCHASING_API",
5623409000001801905,18-14367-87717,2026-03-17,to_be_received,to_be_billed,2026-03-24,"KAI 3/24 1:44
RECEIVED 2 PAIRS UNDER 1 TRACKING 
Imported via eBay GetOrders (Buyer) (ebay_mekong).
Source: EBAY_BUYING_API
Tracking: 399712141065
Item Links:
- Bose 251 Environmental Speakers Pair Black with Brackets (Pair) - OUTDOOR: https://www.ebay.com/itm/287210220818
Imported via eBay GetOrders (Buyer) (ebay_purchasing).
Source: EBAY_PURCHASING_API",
5623409000001801792,16-14369-75432,2026-03-17,to_be_received,to_be_billed,2026-03-25,"KAI 3/25 Imported via eBay GetOrders (Buyer) (ebay_mekong).
Source: EBAY_BUYING_API
Tracking: 9400108106244924842642
Item Links:
- Bose RCV1T-27 Remote Control: https://www.ebay.com/itm/397717868562
Imported via eBay GetOrders (Buyer) (ebay_purchasing).
Source: EBAY_PURCHASING_API",
5623409000001801670,16-14368-83763,2026-03-17,to_be_received,to_be_billed,2026-03-20,"KAI 3/20 4:42
https://www.ebay.com/itm/177967855976
Imported via eBay GetOrders (Buyer) (ebay_purchasing).
Source: EBAY_PURCHASING_API
Tracking: 9434608106244925473618
Bose Companion 2 Series III Multimedia Speaker System works well: https://www.ebay.com/itm/177967855976",
5623409000001801475,11-14375-95961,2026-03-17,to_be_received,to_be_billed,,"Imported via eBay GetOrders (Buyer) (ebay_mekong).
Source: EBAY_BUYING_API
Tracking: 9434608106244923515846
Item Links:
- Bose Companion 2 Series III Multimedia Computer PC Laptop Speakers Tested!: https://www.ebay.com/itm/137141092514
Imported via eBay GetOrders (Buyer) (ebay_purchasing).
Source: EBAY_PURCHASING_API",
5623409000001735145,25-14353-81322,2026-03-16,to_be_received,to_be_billed,2026-03-20,"kai 3/20 3:24

Source: ZOHO_IMPORT
Imported via eBay GetOrders (Buyer) (ebay_purchasing).
Source: EBAY_PURCHASING_API
Tracking: 399744998966
Bose AV3-2-1 Media Center: https://www.ebay.com/itm/267607522451",
5623409000001735032,14-14369-42529,2026-03-16,to_be_received,to_be_billed,2026-03-23,"KAI 3/23 9:06

Source: ZOHO_IMPORT
Tracking: 9434608106245945184812
Imported via eBay GetOrders (Buyer) (ebay_purchasing).
Source: EBAY_PURCHASING_API
Bose Companion 2 Series III Multimedia PC Laptop Speakers: https://www.ebay.com/itm/389758555166",
5623409000001733905,08-14377-40806,2026-03-16,to_be_received,to_be_billed,,"Imported via eBay GetOrders (Buyer) (ebay_purchasing).
Tracking: 9434608106245947313319
Item Links:
- Bose Speakers Compact wall mount or stand wired surround 4 single cube Black: https://www.ebay.com/itm/397546789049
Source: EBAY_PURCHASING_API",
5623409000001733778,15-14367-17909,2026-03-16,to_be_received,to_be_billed,,"Imported via eBay GetOrders (Buyer) (ebay_purchasing).
Tracking: 9434608106245945742081
Source: EBAY_PURCHASING_API",
5623409000001733665,20-14359-97963,2026-03-16,to_be_received,to_be_billed,2026-03-24,"KAI 3/24 2:38 https://www.ebay.com/itm/336447847453
Imported via eBay GetOrders (Buyer) (ebay_purchasing).
Source: EBAY_PURCHASING_API
Tracking: 9434608106245949622112
Bose Direct Reflecting Series II for Lifestyle 525, Cinemate 520, Acoustimass 5V: https://www.ebay.com/itm/336447847453",
5623409000001733516,07-14378-88245,2026-03-16,to_be_received,to_be_billed,,"Imported via eBay GetOrders (Buyer) (ebay_mekong).
Source: EBAY_BUYING_API
Tracking: 9434608106244925713585
Item Links:
- Bose Direct Reflecting Series II for Lifestyle 525, Cinemate 520, Acoustimass 5V: https://www.ebay.com/itm/236650546657
Imported via eBay GetOrders (Buyer) (ebay_purchasing).
Source: EBAY_PURCHASING_API",
5623409000001733393,10-14373-95902,2026-03-16,to_be_received,to_be_billed,,"KAI 3:23 9:36 https://www.ebay.com/itm/277798278669

Source: ZOHO_IMPORT
Imported via eBay GetOrders (Buyer) (ebay_purchasing).
Source: EBAY_PURCHASING_API
Tracking: 1Z06K75J0326531236
Bose Companion 2 Series III Multimedia PC Speakers Set: https://www.ebay.com/itm/277798278669, condition: 'The item may have some signs of cosmetic wear, but is fully operational and functions as intended.'",
5623409000001733280,14-14368-43416,2026-03-16,to_be_received,to_be_billed,,"Imported via eBay GetOrders (Buyer) (ebay_mekong).
Source: EBAY_BUYING_API
Tracking: 9434608106244927892165
Item Links:
- Bose Black Soundbar Center Channel Speaker VCS-10 Working Good Condition No Box: https://www.ebay.com/itm/287171326353
Imported via eBay GetOrders (Buyer) (ebay_purchasing).
Source: EBAY_PURCHASING_API",
5623409000001733171,24-14368-70030,2026-03-16,to_be_received,to_be_billed,2026-03-23,"KAI 3/23 9:17 https://www.ebay.com/itm/327049470899
Imported via eBay GetOrders (Buyer) (ebay_purchasing).
Source: EBAY_PURCHASING_API
Tracking: 9434608106245952201427
BOSE COMPANION 2 SERIES III Computer MULTIMEDIA SPEAKERS SYSTEM | TESTED: https://www.ebay.com/itm/327049470899, condition: ' The item may have some signs of cosmetic wear, but is fully operational and functions as intended'",
5623409000001733058,04-14382-75846,2026-03-16,to_be_received,to_be_billed,,"Imported via eBay GetOrders (Buyer) (ebay_purchasing).
Tracking: 9212490358937900599855
Item Links:
- 9-pin Male to 9-pin Male Audio Input Cable compatible with Bose Lifestyle Series[5M/ 16.4Ft,Lifestyle 28 III]: https://www.ebay.com/itm/226117128147
Source: EBAY_PURCHASING_API",
5623409000001728931,14-14367-16893,2026-03-16,to_be_received,to_be_billed,,"Imported via eBay GetOrders (Buyer) (ebay_purchasing).
Tracking: 9536115108076076455315
Item Links:
- Bose 251 Premium Environmental Speakers, Excellent Condition: https://www.ebay.com/itm/137042689401
Source: EBAY_PURCHASING_API",
5623409000001728810,15-14363-85060,2026-03-16,to_be_received,to_be_billed,2026-03-18,"KAI 3/18 3:56
COMPANION 2 III 
bose Smart Ultra Soundbar
https://shopgoodwill.com/item/255893014
Source: ZOHO_IMPORT

9434608106244924049067
Imported via eBay GetOrders (Buyer) (ebay_purchasing).
Source: EBAY_PURCHASING_API
Tracking: 9434608106244924049067
Bose Companion 2 Series III Multimedia Computer PC Laptop  Speakers: https://www.ebay.com/itm/267603201650",
5623409000001728697,17-14360-41052,2026-03-16,to_be_received,to_be_billed,,"Imported via eBay GetOrders (Buyer) (ebay_mekong).
Source: EBAY_BUYING_API
Tracking: 9434608106244916856307
Item Links:
- Bose Companion 2 Series III Multimedia Speaker System: https://www.ebay.com/itm/236690411229
Imported via eBay GetOrders (Buyer) (ebay_purchasing).
Source: EBAY_PURCHASING_API",
5623409000001728584,02-14382-03057,2026-03-15,to_be_received,to_be_billed,,"Imported via eBay GetOrders (Buyer) (ebay_mekong).
Source: EBAY_BUYING_API
Tracking: 9434608106244916807224
Item Links:
- Bose VCS-10 Center Channel Speaker - Black - Great Condition - Made in Mexico: https://www.ebay.com/itm/127743424857
Imported via eBay GetOrders (Buyer) (ebay_purchasing).
Source: EBAY_PURCHASING_API",
5623409000001728471,08-14372-87587,2026-03-15,to_be_received,to_be_billed,2026-03-24,"KAI 3/24 11:09

bose Smart Ultra Soundbar
https://shopgoodwill.com/item/255893014
Source: ZOHO_IMPORT
Tracking: 61299998825433158878
Imported via eBay GetOrders (Buyer) (ebay_purchasing).
Source: EBAY_PURCHASING_API
Bose VCS-10 Center Channel Speaker for Surround Sound Home Theater System: https://www.ebay.com/itm/377029812247",
5623409000001728358,10-14370-00444,2026-03-15,to_be_received,to_be_billed,,"Imported via eBay GetOrders (Buyer) (ebay_mekong).
Source: EBAY_BUYING_API
Tracking: 9434608106245939948758
Item Links:
- Bose Companion 2 Series III Multimedia PC Speakers Set: https://www.ebay.com/itm/327047652497
Imported via eBay GetOrders (Buyer) (ebay_purchasing).
Source: EBAY_PURCHASING_API",
5623409000001728249,18-14358-68527,2026-03-15,to_be_received,to_be_billed,2026-03-23,"KAI 3/23 9:40 
correct link https://www.ebay.com/itm/406770762714
bose Smart Ultra Soundbar
https://shopgoodwill.com/item/255893014
Source: ZOHO_IMPORT
Tracking: 9400108106245941899725
Imported via eBay GetOrders (Buyer) (ebay_purchasing).
Source: EBAY_PURCHASING_API
Bose Companion 2 Series III Wired Computer Multimedia Speaker System: https://www.ebay.com/itm/406770762714",
5623409000001728136,01-14383-78627,2026-03-15,to_be_received,to_be_billed,,"Imported via eBay GetOrders (Buyer) (ebay_mekong).
Source: EBAY_BUYING_API
Tracking: 9434636106196302029518
Item Links:
- BOSE COMPANION 2 SERIES III Computer SPEAKERS. Sony Wired Headphones Included.: https://www.ebay.com/itm/127741286819
Imported via eBay GetOrders (Buyer) (ebay_purchasing).
Source: EBAY_PURCHASING_API",
5623409000001728015,15-14362-89333,2026-03-15,to_be_received,to_be_billed,2026-03-17,"KAI 3/17 2:10
Source: ZOHO_IMPORT
Tracking: 1Z14V49EYW14998289

https://www.ebay.com/itm/277806828278
Imported via eBay GetOrders (Buyer) (ebay_purchasing).
Source: EBAY_PURCHASING_API
Bose Companion 2 Series iii Desktop Speakers [Tested - Works] See Video: https://www.ebay.com/itm/277806828278",
5623409000001674232,18-14340-45893,2026-03-11,to_be_received,to_be_billed,2026-03-17,"KAI 3/17 1:20

Bose VCS-10 Center Channel Speaker - Free shipping
https://www.ebay.com/itm/157615889693
VISA
1Z78Y5W70391337411
Source: MANUAL
Imported via eBay GetOrders (Buyer) (ebay_purchasing).
Source: EBAY_PURCHASING_API
Tracking: 1Z78Y5W70391337411
Bose VCS-10 Center Channel Speaker - Free shipping: https://www.ebay.com/itm/157615889693, condition: Good working condition",
5623409000001674175,12-14354-03300,2026-03-12,to_be_received,to_be_billed,2026-03-19,"KAI 3/19 3:15

Bose 251 Outdoor Environmental Speakers (2) - BLACK No Brackets
https://www.ebay.com/itm/298115586866
VISA
9434608106244910347030
Source: MANUAL
Imported via eBay GetOrders (Buyer) (ebay_purchasing).
Source: EBAY_PURCHASING_API
Tracking: 9434608106244910347030
Bose 251 Outdoor Environmental Speakers (2) - BLACK No Brackets: https://www.ebay.com/itm/298115586866",
5623409000001674092,24-14351-40186,2026-03-12,to_be_received,to_be_billed,2026-03-19,"KAI 3/19 3:40

Bose 251 Environmental Pair Outdoor White Speakers with Wall Brackets and Box
https://www.ebay.com/itm/177946867665
VISA
1Z14V49E0320955678
Source: MANUAL
Imported via eBay GetOrders (Buyer) (ebay_purchasing).
Source: EBAY_PURCHASING_API
Tracking: 1Z14V49E0320955678
Bose 251 Environmental Pair Outdoor White Speakers with Wall Brackets and Box: https://www.ebay.com/itm/177946867665",
5623409000001663428,257472598,2026-03-11,to_be_received,to_be_billed,,"Bose Sounddock Series Ii 2 Digital Music System [Tested]
https://shopgoodwill.com/item/257472598
Source: MANUAL
Source: ZOHO_IMPORT",
5623409000001663357,02-14365-09152,2026-03-12,to_be_received,to_be_billed,2026-03-20,"kai 3/20 2:00

Bose 251 Environmental Speakers Pair for Outdoor All Weather in White finish
https://www.ebay.com/itm/298111027515
VISA
9434608106244906244077
Source: MANUAL
Imported via eBay GetOrders (Buyer) (ebay_purchasing).
Source: EBAY_PURCHASING_API
Tracking: 9434608106244906244077
Bose 251 Environmental Speakers Pair for Outdoor All Weather in White finish: https://www.ebay.com/itm/298111027515",
5623409000001663276,10-14353-08228,2026-03-12,to_be_received,to_be_billed,2026-03-16,"KAI 3/16 11:46


NICE! Bose 251 Environmental Speakers Outdoor All Weather White Set Audio Pair
https://www.ebay.com/itm/366264299536
VISA
9434608106245929863801
Imported via eBay GetOrders (Buyer) (ebay_purchasing).
Source: EBAY_PURCHASING_API
Tracking: 9434608106245929863801
NICE! Bose 251 Environmental Speakers Outdoor All Weather White Set Audio Pair: https://www.ebay.com/itm/366264299536",
5623409000001663110,16-14343-34590,2026-03-11,to_be_received,to_be_billed,2026-03-20,"KAI 3/20 1:08

Bose VCS-10 Center Channel Speaker For Home Theater Surround Sound System -Black
https://www.ebay.com/itm/256881078576
VISA
61299998825432259354
Source: MANUAL
Imported via eBay GetOrders (Buyer) (ebay_purchasing).
Source: EBAY_PURCHASING_API
Tracking: 61299998825432259354
Bose VCS-10 Center Channel Speaker For Home Theater Surround Sound System -Black: https://www.ebay.com/itm/256881078576",
5623409000001663041,25-14330-39605,2026-03-11,to_be_received,to_be_billed,2026-03-17,"KAI 3/17 2:16

Bose VCS-10 Center Channel Speaker
https://www.ebay.com/itm/157742343034
VISA
9434608106244903921902
Source: MANUAL
Imported via eBay GetOrders (Buyer) (ebay_purchasing).
Source: EBAY_PURCHASING_API
Tracking: 9434608106244903921902
Bose VCS-10 Center Channel Speaker: https://www.ebay.com/itm/157742343034",
5623409000001660003,05-14358-04117,2026-03-11,to_be_received,to_be_billed,2026-03-18,"KAI 3/18 4:15

Bose 251 Outdoor Environmental Speakers (2) - BLACK
https://www.ebay.com/itm/127731678604
visa
1Z14V49E0311301873
Source: MANUAL
Imported via eBay GetOrders (Buyer) (ebay_purchasing).
Source: EBAY_PURCHASING_API
Tracking: 1Z14V49E0311301873
Bose 251 Outdoor Environmental Speakers (2) - BLACK: https://www.ebay.com/itm/127731678604",
5623409000001649283,22-14331-84445,2026-03-11,to_be_received,to_be_billed,2026-03-19,"KAI 3/19 4:00

Bose Companion 2 Series III Multimedia PC Speakers Black No Power Cord Tested
https://www.ebay.com/itm/327037980001
VISA
9434608106244902957155
Source: MANUAL
Imported via eBay GetOrders (Buyer) (ebay_purchasing).
Source: EBAY_PURCHASING_API
Tracking: 9434608106244902957155
Bose Companion 2 Series III Multimedia PC Speakers Black No Power Cord Tested: https://www.ebay.com/itm/327037980001, condition: no power cord, working",
5623409000001649255,257428525,2026-03-11,to_be_received,to_be_billed,,"Bose VCS-10 Center Channel Speaker - Tested Sound
https://shopgoodwill.com/item/257428525
Source: MANUAL
Source: ZOHO_IMPORT",
5623409000001642801,12-14344-74041,2026-03-10,to_be_received,to_be_billed,,"Imported via eBay GetOrders (Buyer) (ebay_purchasing).
Tracking: 399537925334
Item Links:
- Bose 251 Environmental Pair Outdoor White Speakers /No Wall Brackets (Read): https://www.ebay.com/itm/366259356198
Source: EBAY_PURCHASING_API",
5623409000001642107,24-14340-19044,2026-03-10,to_be_received,to_be_billed,2026-03-16,"KAI 3/16 11:23

BOSE 251 Environmental Outdoor Single Speaker White Wall Mount Patio Deck
https://www.ebay.com/itm/306812919082
VISA
9434608106244898410160
Imported via eBay GetOrders (Buyer) (ebay_purchasing).
Source: EBAY_PURCHASING_API
Tracking: 9434608106244898410160
BOSE 251 Environmental Outdoor Single Speaker White Wall Mount Patio Deck: https://www.ebay.com/itm/306812919082",
5623409000001642038,257255974,2026-03-10,to_be_received,to_be_billed,,"Bose VCS-10 Center Channel Speaker -Tested
https://shopgoodwill.com/item/257255974
Source: MANUAL
Source: ZOHO_IMPORT",
5623409000001631701,13-14340-08780,2026-03-10,to_be_received,to_be_billed,2026-03-16,"KAI 3/16 12:28

Bose Companion 2 Series III 2.0 Channel Wired Computer Speakers Black 3.5mm
https://www.ebay.com/itm/317946872157
VISA
9434608106244898159847
Imported via eBay GetOrders (Buyer) (ebay_purchasing).
Source: EBAY_PURCHASING_API
Tracking: 9434608106244898159847
Bose Companion 2 Series III 2.0 Channel Wired Computer Speakers Black 3.5mm: https://www.ebay.com/itm/317946872157",
5623409000001631539,257520293,2026-03-09,to_be_received,to_be_billed,,"Bose Cube Model 192420-149& 290198-119 Speakers (untested)
https://shopgoodwill.com/item/257520293
Source: ZOHO_IMPORT",
5623409000001631525,61067961,2026-03-09,to_be_received,to_be_billed,2026-03-19,"KAI 3/19 2:44

Bose 161 Left & Right Wired Speakers | Tested
https://shopgoodwill.com/item/257280078
Credit Card
Source: MANUAL
Imported from Goodwill shipped-orders CSV.
Source: GOODWILL_CSV
Tracking: LOCALPICKUP208456741773687198
Bose 161 Left & Right Wired Speakers | Tested: https://shopgoodwill.com/item/257280078",
5623409000001631511,257283429,2026-03-09,to_be_received,to_be_billed,,"Bose SoundTouch SA-5 Amplifier (No Power Cord, Untested)
https://shopgoodwill.com/item/257283429
Source: MANUAL
Source: ZOHO_IMPORT",
5623409000001631377,10-14341-86065,2026-03-09,to_be_received,to_be_billed,2026-03-16,"KAI 3/16 11:50

Genuine Bose 3-2-1 Remote Control for Series II & III GSX - ORIGINAL
https://www.ebay.com/itm/117064624022
VISA
9400108106244895962516
Imported via eBay GetOrders (Buyer) (ebay_purchasing).
Source: EBAY_PURCHASING_API
Tracking: 9400108106244895962516
Genuine Bose 3-2-1 Remote Control for Series II & III GSX - ORIGINAL: https://www.ebay.com/itm/117064624022",
5623409000001631234,07-14346-45384,2026-03-09,to_be_received,to_be_billed,2026-03-13,"kai 3/13 1:32


BOSE Wave Music System III CD Player AM/FM Radio w/Pedestal - READ - (P11)
https://www.ebay.com/itm/127703216186
VISA
9434608106245919240186
Imported via eBay GetOrders (Buyer) (ebay_purchasing).
Source: EBAY_PURCHASING_API
Tracking: 9434608106245919240186",
5623409000001631165,18-14330-56774,2026-03-09,to_be_received,to_be_billed,2026-03-11,"KAI 3/11 3:08

Bose Wave Radio III (No CD Player) NO Remote White Radio AM/FM
https://www.ebay.com/itm/326937803944
VISA
9405508106244895267119
Imported via eBay GetOrders (Buyer) (ebay_purchasing).
Source: EBAY_PURCHASING_API
Tracking: 9405508106244895267119
Bose Wave Radio III (No CD Player) NO Remote White  Radio AM/FM: https://www.ebay.com/itm/326937803944",
5623409000001631082,26-14319-00092,2026-03-09,to_be_received,to_be_billed,2026-03-16,"KAI 3/16 11:29

Bose Wave Radio III Tabletop AM FM Alarm Clock Radio Remote Non CD (Tested Work)
https://www.ebay.com/itm/127723627897
VISA
9434608106244903078637
Imported via eBay GetOrders (Buyer) (ebay_purchasing).
Source: EBAY_PURCHASING_API
Tracking: 9434608106244903078637
Bose Wave Radio III Tabletop AM FM Alarm Clock Radio Remote Non CD (Tested Work): https://www.ebay.com/itm/127723627897",
5623409000001632040,LCPU-KEN-030726,2026-03-09,to_be_received,to_be_billed,,"LOCAL PICKUP
Source: ZOHO_IMPORT",
5623409000001627187,08-14343-82347,2026-03-09,to_be_received,to_be_billed,2026-03-11,"KAI 3/11 1:51


Bose VCS-10 Center Channel Speaker Black Home Theater 50W 6 Ohm Surround Sound
https://www.ebay.com/itm/327034350626
VISA
1Z14V49E0302594977
Imported via eBay GetOrders (Buyer) (ebay_purchasing).
Source: EBAY_PURCHASING_API
Tracking: 1Z14V49E0302594977
Bose VCS-10 Center Channel Speaker Black Home Theater 50W 6 Ohm Surround Sound: https://www.ebay.com/itm/327034350626",
5623409000001627110,14-14335-43811,2026-03-09,to_be_received,to_be_billed,2026-03-12,"KAI 3/12 2:21


Bose Companion 2 Series III Multimedia PC Speakers
https://www.ebay.com/itm/168216910168
VISA
9434608106245916351083
Imported via eBay GetOrders (Buyer) (ebay_purchasing).
Source: EBAY_PURCHASING_API
Tracking: 9434608106245916351083
Bose Companion 2 Series III Multimedia PC Speakers: https://www.ebay.com/itm/168216910168",
5623409000001627047,10-14340-95233,2026-03-09,to_be_received,to_be_billed,2026-03-24,"KAI 3/24 9:51 
Bose Companion 2 Series III Multimedia Computer PC Laptop Speakers
https://www.ebay.com/itm/168211029540
VISA
Source: MANUAL
Imported via eBay GetOrders (Buyer) (ebay_purchasing).
Source: EBAY_PURCHASING_API
Tracking: 9434608106244915767253
Bose Companion 2 Series III Multimedia Computer PC Laptop Speakers: https://www.ebay.com/itm/168211029540",
5623409000001623020,09-14340-57740,2026-03-09,to_be_received,to_be_billed,2026-03-11,"KAI 3/11 2:21 


Bose Companion 2 Series III Multimedia Computer PC Laptop Speakers
https://www.ebay.com/itm/188117538720
VISA
9434608106244895828715
Imported via eBay GetOrders (Buyer) (ebay_purchasing).
Source: EBAY_PURCHASING_API
Tracking: 9434608106244895828715
Bose Companion 2 Series III Multimedia Computer PC Laptop Speakers: https://www.ebay.com/itm/188117538720",
5623409000001622951,21-14322-86859,2026-03-09,to_be_received,to_be_billed,2026-03-16,"KAI 3/16 11:40

Bose Companion 2 Series III Speakers Tested
https://www.ebay.com/itm/267591543897
VISA
9434608106245920405109
Imported via eBay GetOrders (Buyer) (ebay_purchasing).
Source: EBAY_PURCHASING_API
Tracking: 9434608106245920405109
Bose Companion 2 Series III Speakers Tested: https://www.ebay.com/itm/267591543897",
5623409000001622898,10-14337-25092,2026-03-08,to_be_received,to_be_billed,2026-03-13,"KAI 3/13 1:37

Bose VCS 10 Center Speaker Center Channel Speaker - Black 19158
https://www.ebay.com/itm/137101959203
VISA
1ZX0800G0317865265
Imported via eBay GetOrders (Buyer) (ebay_purchasing).
Source: EBAY_PURCHASING_API
Tracking: 1ZX0800G0317865265
Bose VCS 10 Center Speaker Center Channel Speaker - Black 19158: https://www.ebay.com/itm/137101959203",
5623409000001612529,LCPU-ANHVU-020626,2026-03-08,to_be_received,to_be_billed,,"LOCAL PICKUP
Source: ZOHO_IMPORT",
5623409000001614498,61013028,2026-03-06,to_be_received,to_be_billed,2026-03-17,"KAI 3/17 1:40

Bose Companion 2 Series III Multimedia Speaker System - Working
https://shopgoodwill.com/item/257026927
 Apple Pay
889465769018
Source: MANUAL
Imported from Goodwill shipped-orders CSV.
Source: GOODWILL_CSV
Tracking: 889465769018
Bose Companion 2 Series III Multimedia Speaker System - Working: https://shopgoodwill.com/item/257026927",
5623409000001614484,257043340,2026-03-07,to_be_received,to_be_billed,,"Bose SoundDock Series III Digital Music System
https://shopgoodwill.com/item/257043340
Source: MANUAL
Source: ZOHO_IMPORT",
5623409000001614145,06-14333-68881,2026-03-06,to_be_received,to_be_billed,2026-03-18,"KAI 3/18 3:37

Bose Companion 2 Series III Multimedia PC Speakers Black No Power Cord
https://www.ebay.com/itm/366250001258
VISA
9434608106245908164325
Source: MANUAL
Imported via eBay GetOrders (Buyer) (ebay_purchasing).
Source: EBAY_PURCHASING_API
Tracking: 9434608106245908164325
Bose Companion 2 Series III Multimedia PC Speakers Black No Power Cord: https://www.ebay.com/itm/366250001258, condition: no power cord",
5623409000001614074,09-14329-07908,2026-03-06,to_be_received,to_be_billed,2026-03-12,"KAI 3/12 2:27

Bose Companion 2 Series III Multimedia Desktop Laptop PC Speaker System - TESTED
https://www.ebay.com/itm/377011993081
VISA
9434608106244885017259
Imported via eBay GetOrders (Buyer) (ebay_purchasing).
Source: EBAY_PURCHASING_API
Tracking: 9434608106244885017259
Bose Companion 2 Series III Multimedia Desktop Laptop PC Speaker System - TESTED: https://www.ebay.com/itm/377011993081",
5623409000001614007,03-14337-78390,2026-03-06,to_be_received,to_be_billed,,"Imported via eBay GetOrders (Buyer) (ebay_purchasing).
Tracking: 61299998825430898890
Item Links:
- Bose Companion 2 Series III Multimedia Computer Speakers: https://www.ebay.com/itm/117071990135
Source: EBAY_PURCHASING_API",
5623409000001599399,16-14316-15861,2026-03-05,to_be_received,to_be_billed,,"Imported via eBay GetOrders (Buyer) (ebay_purchasing).
Tracking: 399358355517
Item Links:
- BOSE Wave Radio III AM/FM Radio Player Black Gray - FOR PARTS REPAIR - ""UPDATE"": https://www.ebay.com/itm/227235543440
Source: EBAY_PURCHASING_API",
5623409000001599369,60993549,2026-03-05,to_be_received,to_be_billed,2026-03-10,"KAI 3/10 3:11

Bose Vca-100 Center Channel Speaker (no Cords, for Repair/parts)
https://shopgoodwill.com/item/256960813
Credit Card
889432495688
Imported from Goodwill shipped-orders CSV.
Source: GOODWILL_CSV
Tracking: 889432495688
Bose Vca-100 Center Channel Speaker (no Cords, for Repair/parts): https://shopgoodwill.com/item/256960813
Bose Vca-100 Center Channel Speaker (no Cords, for Repair/parts): https://shopgoodwill.com/item/256960813, condition: For Part",
5623409000001599277,14-14318-18086,2026-03-05,to_be_received,to_be_billed,2026-03-11,"KAI 3/11 2:11

Bose Companion 2 Series III 354495-1 Multimedia Desktop Laptop Speaker System
https://www.ebay.com/itm/267584254528
VISA
9434608106245908185658
Imported via eBay GetOrders (Buyer) (ebay_purchasing).
Source: EBAY_PURCHASING_API
Tracking: 9434608106245908185658
Bose Companion 2 Series III 354495-1 Multimedia Desktop Laptop Speaker System: https://www.ebay.com/itm/267584254528",
5623409000001599143,13-14319-35557,2026-03-05,to_be_received,to_be_billed,2026-03-10,"kai 3/10 1:49

Bose VCS-10 Center Channel + 2 Bose 161 VCS-30 Speakers Home Theater - FREE SHIP
https://www.ebay.com/itm/257390862292
PAYPAL
399349220180
Imported via eBay GetOrders (Buyer) (ebay_purchasing).
Source: EBAY_PURCHASING_API
Tracking: 399349220180
Bose VCS-10 Center Channel + 2 Bose 161 VCS-30 Speakers Home Theater - FREE SHIP: https://www.ebay.com/itm/257390862292",
5623409000001599076,26-14300-39327,2026-03-05,to_be_received,to_be_billed,2026-03-10,"KAI 3/10 3:22

Bose VCS-10 Center Channel Speaker Only
https://www.ebay.com/itm/389692085238
PAYPAL
9434608106244885315157
Imported via eBay GetOrders (Buyer) (ebay_purchasing).
Source: EBAY_PURCHASING_API
Tracking: 9434608106244885315157
Bose VCS-10 Center Channel Speaker Only: https://www.ebay.com/itm/389692085238",
5623409000001599016,VIVO-US-52589,2026-03-05,to_be_received,to_be_billed,2026-03-05,"KAI 3/5 11:07
2 BOXES OF WALL MOUNT TOTAL 50PCS- TK 8467
1Z16Y01W0392982033
1Z16Y01W0390690441
Source: ZOHO_IMPORT",
5623409000001587816,13-14318-99085,2026-03-05,to_be_received,to_be_billed,,"Imported via eBay GetOrders (Buyer) (ebay_purchasing).
Tracking: 9434608106245902555426
Item Links:
- Bose 251 Environmental Outdoor Speakers Black w/ Wall Brackets: https://www.ebay.com/itm/277775562126
Source: EBAY_PURCHASING_API",
5623409000001587684,22-14305-65760,2026-03-05,to_be_received,to_be_billed,,"Imported via eBay GetOrders (Buyer) (ebay_purchasing).
Tracking: 9434608106245902541337
Item Links:
- Bose Companion 2 Series III Multimedia Desktop Laptop PC Speaker System - TESTED: https://www.ebay.com/itm/147181548911
Source: EBAY_PURCHASING_API",
5623409000001587615,16-14314-27157,2026-03-05,to_be_received,to_be_billed,,"Imported via eBay GetOrders (Buyer) (ebay_purchasing).
Tracking: 9434608106244882005891
Item Links:
- Bose Companion 2 Series III Multimedia PC Speakers Black No Power Cord: https://www.ebay.com/itm/389700143651
Source: EBAY_PURCHASING_API",
5623409000001587508,60967958,2026-03-04,to_be_received,to_be_billed,2026-03-16,"KAI 3/16 1:41

BOSE Speaker PS28 III UNTESTED
https://shopgoodwill.com/item/256831022
Credit Card
399485187351
Imported from Goodwill shipped-orders CSV.
Source: GOODWILL_CSV
Tracking: 399485187351
BOSE Speaker PS28 III UNTESTED: https://shopgoodwill.com/item/256831022",
5623409000001587263,10-14320-53099,2026-03-04,to_be_received,to_be_billed,,"Imported via eBay GetOrders (Buyer) (ebay_purchasing).
Tracking: 1Z14V49E0317907824
Item Links:
- Bose 251 Outdoor Environmental Speakers (2) - BLACK: https://www.ebay.com/itm/236668852631
Source: EBAY_PURCHASING_API",
5623409000001587101,08-14321-33291,2026-03-04,to_be_received,to_be_billed,2026-03-13,"KAI 3/13 12:27


Bose 251 Outdoor Environmental Speakers (2) - BLACK
https://www.ebay.com/itm/298085586054
PAYPAL
399390849264
Imported via eBay GetOrders (Buyer) (ebay_purchasing).
Source: EBAY_PURCHASING_API
Tracking: 399390849264
Bose 251 Outdoor Environmental Speakers (2) - BLACK: https://www.ebay.com/itm/298085586054",
5623409000001587032,21-14302-57011,2026-03-04,to_be_received,to_be_billed,2026-03-10,"kai 3/10 2:07

Bose CineMate Series II Remote Control
https://www.ebay.com/itm/389646494894
PAYPAL
9400108106245901483490
Imported via eBay GetOrders (Buyer) (ebay_purchasing).
Source: EBAY_PURCHASING_API
Tracking: 9400108106245901483490
Bose CineMate Series II Remote Control: https://www.ebay.com/itm/389646494894",
5623409000001533109,CAS-20260202-1575550,2026-02-20,to_be_received,to_be_billed,,"Warranty replacement unit.
FedEx Tracking: 888932493075
Case #: CAS-20260202-1575550",
5623409000001435580,PO-WARRANTY-DELTA-26021,2026-02-11,to_be_received,to_be_billed,2026-02-12,"KAI 2/12 11:11


Return box shipped via UPS.
Tracking: 1ZR483V90324812724
This is a warranty replacement. No charge.
Waiting for defective unit return and replacement shipment.",
5623409000001350636,TK8191,2026-02-01,to_be_received,to_be_billed,,"tracking 1ZJ22B100312367727 ($37)- TK 8191
Source: ZOHO_IMPORT",
5623409000001350567,22-14159-28998,2026-01-31,to_be_received,to_be_billed,,"Nike Men's Air Zoom Vapor Cage 4 Rafa Tennis Shoe Style #DD1579 700
NEW
https://www.ebay.com/itm/146094600058
1Z14V36VYW10206829
Imported via eBay GetOrders (Buyer) (ebay_mekong).
Source: EBAY_MEKONG_API
Tracking: 1Z14V36VYW10206829",
5623409000001318363,04-14177-21412,2026-01-30,to_be_received,to_be_billed,,"TENNISTRETCH....TENNIS WARMUP & SWING TRAINING AID , wilson , prince , babalot
NEW
https://www.ebay.com/itm/382072865399
APPLE PAY
9400108106244755460824
Imported via eBay GetOrders (Buyer) (ebay_mekong).
Source: EBAY_MEKONG_API
Tracking: 9400108106244755460824",
5623409000001148966,TK 8004,2026-01-13,to_be_received,to_be_billed,,"prepaid shipping label: 9434650206217157174897 ($12)
SENT LABEL
Source: ZOHO_IMPORT",
